Workbook

Sheet Sheet1
B1: 계좌 | D1: 거래처 | E1: 은행 | F1: 이름 | G1: 부가세유무
A2: 020 | B2: 1005504775443 | C2: 71000 | D2: 히피스 | E2: 우리 | F2: 이도영(히피스) | G2: ㅇ | H2: X | I2: 45992
A3: 020 | B3: 1005804834765 | C3: 18000 | D3: 홈런 | E3: 우리 | F3: ㈜플레이 홈런 | G3: ㅇ | H3: X | I3: 45992
A4: 088 | B4: 110554774968 | C4: 198000 | D4: 하이앤땡큐 | E4: 신한 | F4: 김승현 | G4: ㅇ | H4: X | I4: 45992
A5: 081 | B5: 17191028203607 | C5: 10000 | D5: 하이바 | E5: 하나 | F5: 김태형 | G5: ㅇ | H5: X | I5: 45992
A6: 004 | B6: 09180104175091 | C6: 200000 | D6: 하멜 | E6: 국민 | F6: 우환균(하멜) | G6: ㅇ | H6: X | I6: 45992
A7: 004 | B7: 80750104288480 | C7: 2858500 | D7: 필앤마조 | E7: 국민 | F7: (주)필앤마조 | G7: ㅇ | H7: X | I7: 45992
A8: 088 | B8: 110604500814 | C8: 21000 | D8: 피크닉 | E8: 신한 | F8: 피크닉 | G8: ㅇ | H8: X | I8: 45992
A9: 004 | B9: 07300104259173 | C9: 468000 | D9: 프레쩰 | E9: 국민 | F9: 주현 | G9: ㅇ | H9: X | I9: 45992
A10: 088 | B10: 140013540787 | C10: 280000 | D10: 풀하우스 | E10: 신한 | F10: 주식회사 풀하우스컴퍼니 김기완 | G10: ㅇ | H10: X | I10: 45992
A11: 088 | B11: 110316175919 | C11: 72000 | D11: 페어립트 | E11: 신한 | F11: 황두환(페어립트) | G11: ㅇ | H11: X | I11: 45992
A12: 088 | B12: 110564250069 | C12: 100000 | D12: 펀치 | E12: 신한 | F12: 양창민(펀치) | G12: ㅇ | H12: X | I12: 45992
A13: 003 | B13: 01819320404015 | C13: 112750 | D13: 퍼플그레이 | E13: 기업 | F13: ㈜퍼플그레이어패럴 | G13: ㅇ | H13: O | I13: 45992
A14: 088 | B14: 110489581929 | C14: 10000 | D14: 팔로우비 | E14: 신한 | F14: 변입섭 팔로우비 | G14: ㅇ | H14: X | I14: 45992
A15: 088 | B15: 110555436511 | C15: 388000 | D15: 파인파인 | E15: 신한 | F15: 파인파인 | G15: ㅇ | H15: X | I15: 45992
A16: 088 | B16: 140014915730 | C16: 206000 | D16: 티오 | E16: 신한 | F16: ㈜패션컴퍼니오성 | G16: ㅇ | H16: X | I16: 45992
A17: 020 | B17: 1005603272336 | C17: 132000 | D17: 트웬티 | E17: 우리 | F17: 이한숙 | G17: ㅇ | H17: X | I17: 45992
A18: 003 | B18: 02314297601014 | C18: 44000 | D18: 키치키치 | E18: 기업 | F18: ㈜마젠타어패럴그룹 | G18: ㅇ | H18: O | I18: 45992
A19: 003 | B19: 01212165604012 | C19: 338250 | D19: 크림베이지 | E19: 기업 | F19: 주식회사 크림베이지어패럴 | G19: ㅇ | H19: O | I19: 45992
A20: 004 | B20: 34780104162710 | C20: 200000 | D20: 크레파스 | E20: 국민 | F20: ㈜투앤드컴퍼니 | G20: ㅇ | H20: X | I20: 45992
A21: 003 | B21: 01500000197711 | C21: 760100 | D21: 케이디지 | E21: 기업 | F21: 케이디지 | G21: ㅇ | H21: O | I21: 45992
A22: 020 | B22: 1005003797667 | C22: 239000 | D22: 컴온 | E22: 우리 | F22: ㈜에이치케이더블류컴퍼니 | G22: ㅇ | H22: X | I22: 45992
A23: 004 | B23: 59280104131903 | C23: 10000 | D23: 치퍼 | E23: 국민 | F23: 최현준(치퍼(CHIPPER)) | G23: ㅇ | H23: X | I23: 45992
A24: 004 | B24: 80750104288141 | C24: 14000 | D24: 춘샤 | E24: 국민 | F24: 김유미(춘샤) | G24: ㅇ | H24: X | I24: 45992
A25: 088 | B25: 140012386934 | C25: 12000 | D25: 지엔 | E25: 신한 | F25: ㈜지엔어패럴 | G25: ㅇ | H25: X | I25: 45992
A26: 004 | B26: 77463704004031 | C26: 155000 | D26: 줄리 | E26: 국민 | F26: ㈜쥴리 | G26: ㅇ | H26: X | I26: 45992
... A130: 003 | B130: 06911960504017 | C130: 32000 | D130: 엠제이 | E130: 기업 | F130: 주식회사엠제이룩 | G130: ㅇ | H130: X | I130: 45993
A131: 088 | B131: 110425567853 | C131: 28000 | D131: 엘로즈 | E131: 신한 | F131: 이현승엘로즈 | G131: ㅇ | H131: X | I131: 45993
A132: 088 | B132: 110517059780 | C132: 27500 | D132: 엔초 | E132: 신한 | F132: 최훈정(엔초) | G132: ㅇ | H132: O | I132: 45993
A133: 003 | B133: 02908577101019 | C133: 0 | D133: 에이에이더블유 | E133: 기업 | F133: 에이에이더블유(권지영) | G133: ㅇ | H133: O | I133: 45993
A134: 004 | B134: 21830104363558 | C134: 19000 | D134: 에이러브 | E134: 국민 | F134: 임애경 | G134: ㅇ | H134: X | I134: 45993
A135: 003 | B135: 01093570559 | C135: 44000 | D135: 야나 | E135: 기업 | F135: 김정훈(야나) | G135: ㅇ | H135: X | I135: 45993
A136: 088 | B136: 110539887153 | C136: 509000 | D136: 안나 | E136: 신한 | F136: 김수진 | G136: ㅇ | H136: X | I136: 45993
A137: 020 | B137: 1005203796625 | C137: 714000 | D137: 아이티 | E137: 우리 | F137: HKW컴퍼니 | G137: ㅇ | H137: X | I137: 45993
A138: 088 | B138: 110458824187 | C138: 42000 | D138: 썸모어 | E138: 신한 | F138: 오재훈 | G138: ㅇ | H138: X | I138: 45993
A139: 004 | B139: 77460104250367 | C139: 110000 | D139: 심플 | E139: 국민 | F139: 김현아(심플) | G139: ㅇ | H139: X | I139: 45993
A140: 081 | B140: 38891000310908 | C140: 144000 | D140: 슈퍼스타 | E140: 하나 | F140: 김학영 | G140: ㅇ | H140: X | I140: 45993
A141: 088 | B141: 140014903450 | C141: 43000 | D141: 슈퍼땅콩 | E141: 신한 | F141: 슈퍼땅콩 | G141: ㅇ | H141: X | I141: 45993
A142: 081 | B142: 20791052452207 | C142: 58000 | D142: 뿌 | E142: 하나 | F142: 이준미 | G142: ㅇ | H142: X | I142: 45993
A143: 088 | B143: 110525476734 | C143: 10000 | D143: 뽀숑 | E143: 신한 | F143: 이송희 | G143: ㅇ | H143: X | I143: 45993
A144: 020 | B144: 1005303657353 | C144: 130000 | D144: 빨주노초 | E144: 우리 | F144: 정종인 | G144: ㅇ | H144: X | I144: 45993
A145: 011 | B145: 3511161161013 | C145: 72000 | D145: 비손강 | E145: 농협 | F145: LINA | G145: ㅇ | H145: X | I145: 45993
A146: 004 | B146: 93390101228298 | C146: 20000 | D146: 브이브이브이 | E146: 국민 | F146: 권순범(브이브이브이) | G146: ㅇ | H146: X | I146: 45993
A147: 003 | B147: 140015691122 | C147: 74000 | D147: 브리니 | E147: 신한 | F147: ㈜브리니랩 | G147: ㅇ | H147: X | I147: 45993
A148: 020 | B148: 1005404854052 | C148: 119000 | D148: 베베 | E148: 우리 | F148: ㈜베베픽 | G148: ㅇ | H148: X | I148: 45993
A149: 004 | B149: 52360201065095 | C149: 42000 | D149: 베가스 | E149: 국민 | F149: 최지윤 | G149: ㅇ | H149: X | I149: 45993
A150: 004 | B150: 40910101299531 | C150: 13000 | D150: 버프 | E150: 국민 | F150: 박성계 | G150: ㅇ | H150: X | I150: 45993
A151: 007 | B151: 101023843370 | C151: 829950 | D151: 밤비 | E151: 수협 | F151: ㈜밤비컴퍼니 | G151: ㅇ | H151: O | I151: 45993
A152: 081 | B152: 19991025356107 | C152: 9000 | D152: 발렌티 | E152: 하나 | F152: 배재웅 | G152: ㅇ | H152: X | I152: 45993
A153: 003 | B153: 08606410601017 | C153: 525000 | D153: 몽땅 | E153: 기업 | F153: 몽땅 김희진 | G153: ㅇ | H153: X | I153: 45993
A154: 088 | B154: 110482827794 | C154: 80000 | D154: 몽구스 | E154: 신한 | F154: 박은주 | G154: ㅇ | H154: X | I154: 45993
... A181: 048 | B181: 132131308376 | C181: 306000 | D181: 도드 | E181: 신협 | F181: 전여원 | G181: ㅇ | H181: X | I181: 45993
A182: 088 | B182: 100027504296 | C182: 16000 | D182: 더클리닝 | E182: 신한 | F182: 박재유 더클리닝 | G182: ㅇ | H182: X | I182: 45993
A183: 088 | B183: 140013555127 | C183: 0 | D183: 더메이 | E183: 신한 | F183: ㈜디우나 | G183: ㅇ | H183: X | I183: 45993
A184: 020 | B184: 1005003656847 | C184: 39000 | D184: 니트홀릭 | E184: 우리 | F184: 송병직(니트홀릭) | G184: ㅇ | H184: X | I184: 45993
A185: 004 | B185: 01830204098617 | C185: 46500 | D185: 늠늠 | E185: 국민 | F185: 이유미 | G185: ㅇ | H185: X | I185: 45993
A186: 048 | B186: 18391005493404 | C186: 28000 | D186: 뉴레인보우 | E186: 하나 | F186: ㈜뉴레인보우 | G186: ㅇ | H186: X | I186: 45993
A187: 020 | B187: 1002959095655 | C187: 15000 | D187: 노브 | E187: 우리 | F187: 윤명찬 | G187: ㅇ | H187: X | I187: 45993
A188: 088 | B188: 100031530371 | C188: 417000 | D188: 그랑블루 | E188: 신한 | F188: ㈜그랑블루진 | G188: ㅇ | H188: X | I188: 45993
A189: 003 | B189: 01500000197711 | C189: 660550 | D189: 케이디지 | E189: 기업 | F189: 케이디지 | G189: ㅇ | H189: O | I189: 45993
A190: 011 | B190: 3510800565953 | C190: 145200 | D190: 에스빈 | E190: 농협 | F190: 임경순(에스빈) | G190: ㅇ | H190: O | I190: 45993
A191: 020 | B191: 1005504775443 | C191: 12000 | D191: 히피스 | E191: 우리 | F191: 이도영(히피스) | G191: ㅇ | H191: X | I191: 45994
A192: 090 | B192: 3333289511795 | C192: 21000 | D192: 하이프 | E192: 카카오 | F192: 하이프(HYPE) | G192: ㅇ | H192: X | I192: 45994
A193: 088 | B193: 110554774968 | C193: 18000 | D193: 하이앤땡큐 | E193: 신한 | F193: 김승현 | G193: ㅇ | H193: X | I193: 45994
A194: 081 | B194: 17191028203607 | C194: 18000 | D194: 하이바 | E194: 하나 | F194: 김태형 | G194: ㅇ | H194: X | I194: 45994
... A240: 004 | B240: 01700104278422 | C240: 14000 | D240: 샤샤앤코 | E240: 국민 | F240: 주식회사 샤샤앤코 | G240: ㅇ | H240: X | I240: 45994
A241: 081 | B241: 20791052452207 | C241: 55000 | D241: 뿌 | E241: 하나 | F241: 이준미 | G241: ㅇ | H241: X | I241: 45994
A242: 020 | B242: 1005303657353 | C242: 207000 | D242: 빨주노초 | E242: 우리 | F242: 정종인 | G242: ㅇ | H242: X | I242: 45994
A243: 020 | B243: 1005604614309 | C243: 15000 | D243: 비트 | E243: 우리 | F243: ㈜커널컴퍼니 | G243: ㅇ | H243: X | I243: 45994
A244: 011 | B244: 3511161161013 | C244: 36000 | D244: 비손강 | E244: 농협 | F244: LINA | G244: ㅇ | H244: X | I244: 45994
A245: 004 | B245: 93390101228298 | C245: 820000 | D245: 브이브이브이 | E245: 국민 | F245: 권순범(브이브이브이) | G245: ㅇ | H245: X | I245: 45994
A246: 003 | B246: 140015691122 | C246: 17000 | D246: 브리니 | E246: 신한 | F246: ㈜브리니랩 | G246: ㅇ | H246: X | I246: 45994
A247: 088 | B247: 110500660298 | C247: 22000 | D247: 볼터치 | E247: 신한 | F247: 김은정(볼터치) | G247: ㅇ | H247: X | I247: 45994
A248: 004 | B248: 34780104163197 | C248: 13000 | D248: 별대봉 | E248: 국민 | F248: ㈜투앤드컴퍼니 | G248: ㅇ | H248: X | I248: 45994
A249: 020 | B249: 1005404854052 | C249: 490000 | D249: 베베 | E249: 우리 | F249: ㈜베베픽 | G249: ㅇ | H249: X | I249: 45994
A250: 004 | B250: 40910101299531 | C250: 39000 | D250: 버프 | E250: 국민 | F250: 박성계 | G250: ㅇ | H250: X | I250: 45994
A251: 020 | B251: 1005104276736 | C251: 18000 | D251: 배추 | E251: 우리 | F251: 주식회사 배추 | G251: ㅇ | H251: X | I251: 45994
A252: 007 | B252: 101023843370 | C252: 956450 | D252: 밤비 | E252: 수협 | F252: ㈜밤비컴퍼니 | G252: ㅇ | H252: O | I252: 45994
A253: 081 | B253: 19991025356107 | C253: 9000 | D253: 발렌티 | E253: 하나 | F253: 배재웅 | G253: ㅇ | H253: X | I253: 45994
... A332: 088 | B332: 140013987091 | C332: 534000 | D332: 엣지 | E332: 신한 | F332: ㈜이디지이(EDGE) | G332: ㅇ | H332: X | I332: 45995
A333: 088 | B333: 110425567853 | C333: 63000 | D333: 엘로즈 | E333: 신한 | F333: 이현승엘로즈 | G333: ㅇ | H333: X | I333: 45995
A334: 004 | B334: 21830104363558 | C334: 34000 | D334: 에이러브 | E334: 국민 | F334: 임애경 | G334: ㅇ | H334: X | I334: 45995
A335: 020 | B335: 1005804294993 | C335: 9000 | D335: 얼리모닝 | E335: 우리 | F335: 백승갑 | G335: ㅇ | H335: X | I335: 45995
A336: 003 | B336: 01093570559 | C336: 9000 | D336: 야나 | E336: 기업 | F336: 김정훈(야나) | G336: ㅇ | H336: X | I336: 45995
A337: 088 | B337: 110547690282 | C337: 12000 | D337: 앨리 | E337: 신한 | F337: 신나겸이(앨리) | G337: ㅇ | H337: X | I337: 45995
A338: 081 | B338: 18291003287104 | C338: 16000 | D338: 안느 | E338: 하나 | F338: ㈜몬드 | G338: ㅇ | H338: X | I338: 45995
A339: 088 | B339: 110539887153 | C339: 1020000 | D339: 안나 | E339: 신한 | F339: 김수진 | G339: ㅇ | H339: X | I339: 45995
A340: 020 | B340: 1005203796625 | C340: 684000 | D340: 아이티 | E340: 우리 | F340: HKW컴퍼니 | G340: ㅇ | H340: X | I340: 45995
A341: 004 | B341: 77460104250367 | C341: 22000 | D341: 심플 | E341: 국민 | F341: 김현아(심플) | G341: ㅇ | H341: X | I341: 45995
A342: 088 | B342: 110564935137 | C342: 151000 | D342: 스크램블 | E342: 신한 | F342: 스크램블 | G342: ㅇ | H342: X | I342: 45995
A343: 081 | B343: 38891000310908 | C343: 165000 | D343: 슈퍼스타 | E343: 하나 | F343: 김학영 | G343: ㅇ | H343: X | I343: 45995
A344: 088 | B344: 140014903450 | C344: 123000 | D344: 슈퍼땅콩 | E344: 신한 | F344: 슈퍼땅콩 | G344: ㅇ | H344: X | I344: 45995
A345: 003 | B345: 02111218704013 | C345: 78000 | D345: 서울러 | E345: 기업 | F345: 현재광 | G345: ㅇ | H345: X | I345: 45995
... A380: 048 | B380: 132131308376 | C380: 354000 | D380: 도드 | E380: 신협 | F380: 전여원 | G380: ㅇ | H380: X | I380: 45995
A381: 088 | B381: 100027504296 | C381: 40000 | D381: 더클리닝 | E381: 신한 | F381: 박재유 더클리닝 | G381: ㅇ | H381: X | I381: 45995
A382: 003 | B382: 01818868201016 | C382: 12100 | D382: 더블유모즈 | E382: 기업 | F382: ㈜모즈패션 | G382: ㅇ | H382: O | I382: 45995
A383: 020 | B383: 1005784201022 | C383: 16500 | D383: 더본 | E383: 우리 | F383: 메이드본 | G383: ㅇ | H383: O | I383: 45995
A384: 081 | B384: 38891019090507 | C384: 11000 | D384: 달팡 | E384: 하나 | F384: 양혜정 | G384: ㅇ | H384: x | I384: 45995
A385: 020 | B385: 1005003656847 | C385: 114000 | D385: 니트홀릭 | E385: 우리 | F385: 송병직(니트홀릭) | G385: ㅇ | H385: X | I385: 45995
A386: 048 | B386: 18391005493404 | C386: 58000 | D386: 뉴레인보우 | E386: 하나 | F386: ㈜뉴레인보우 | G386: ㅇ | H386: X | I386: 45995
...

Sheet Sheet3

Sheet Sheet8
A1: ㅇ | B1: ㅇ | C1: ㅇ | D1: ㅇ | E1: ㅇ | F1: ㅇ | G1: ㅇ | H1: ㅇ
A2: 020 | B2: 1005603106537 | C2: 540000 | D2: 힙블리 | E2: 우리 | F2: 오승미 | G2: ㅇ | H2: x
A3: 020 | B3: 1005504775443 | C3: 141000 | D3: 히피스 | E3: 우리 | F3: 이도영(히피스) | G3: ㅇ | H3: X
A4: 088 | B4: 110607909500 | C4: 1800000 | D4: 후크 | E4: 신한 | F4: 최문수 | G4: ㅇ | H4: X
A5: 090 | B5: 3333289511795 | C5: 8000 | D5: 하이프 | E5: 카카오 | F5: 하이프(HYPE) | G5: ㅇ | H5: X
A6: 088 | B6: 110554774968 | C6: 510000 | D6: 하이앤땡큐 | E6: 신한 | F6: 김승현 | G6: ㅇ | H6: X
A7: 081 | B7: 17191028203607 | C7: 10000 | D7: 하이바 | E7: 하나 | F7: 김태형 | G7: ㅇ | H7: X
A8: 004 | B8: 80750104288480 | C8: 2460000 | D8: 필앤마조 | E8: 국민 | F8: (주)필앤마조 | G8: ㅇ | H8: X
A9: 088 | B9: 110604500814 | C9: 28000 | D9: 피크닉 | E9: 신한 | F9: 피크닉 | G9: ㅇ | H9: X
A10: 004 | B10: 07300104259173 | C10: 780000 | D10: 프레쩰 | E10: 국민 | F10: 주현 | G10: ㅇ | H10: X
A11: 088 | B11: 140013540787 | C11: 41000 | D11: 풀하우스 | E11: 신한 | F11: 주식회사 풀하우스컴퍼니 김기완 | G11: ㅇ | H11: X
A12: 090 | B12: 3333123250772 | C12: 45000 | D12: 포레나 | E12: 카카오 | F12: 박진성 | G12: ㅇ | H12: X
A13: 088 | B13: 110316175919 | C13: 24000 | D13: 페어립트 | E13: 신한 | F13: 황두환(페어립트) | G13: ㅇ | H13: X
A14: 003 | B14: 01819320404015 | C14: 66550 | D14: 퍼플그레이 | E14: 기업 | F14: ㈜퍼플그레이어패럴 | G14: ㅇ | H14: O
A15: 088 | B15: 110555436511 | C15: 96000 | D15: 파인파인 | E15: 신한 | F15: 파인파인 | G15: ㅇ | H15: X
A16: 088 | B16: 140014915730 | C16: 144000 | D16: 티오 | E16: 신한 | F16: ㈜패션컴퍼니오성 | G16: ㅇ | H16: X
A17: 011 | B17: 3022043205911 | C17: 24000 | D17: 투썸 | E17: 농협 | F17: 투썸 | G17: ㅇ | H17: X
A18: 004 | B18: 21830104388492 | C18: 42000 | D18: 크림 | E18: 국민 | F18: 박종수 | G18: ㅇ | H18: X
A19: 081 | B19: 28491002673804 | C19: 2279200 | D19: 코디63 | E19: 하나 | F19: ㈜코디63 | G19: ㅇ | H19: O
A20: 003 | B20: 01500000197711 | C20: 377300 | D20: 케이디지 | E20: 기업 | F20: 케이디지 | G20: ㅇ | H20: O
A21: 020 | B21: 1005003797667 | C21: 445000 | D21: 컴온 | E21: 우리 | F21: ㈜에이치케이더블류컴퍼니 | G21: ㅇ | H21: X
A22: 004 | B22: 59280104131903 | C22: 7000 | D22: 치퍼 | E22: 국민 | F22: 최현준(치퍼(CHIPPER)) | G22: ㅇ | H22: X
A23: 003 | B23: 50003222004019 | C23: 8800 | D23: 진머니 | E23: 기업 | F23: ㈜진머니 | G23: ㅇ | H23: O
A24: 081 | B24: 13502366500508 | C24: 105000 | D24: 제이케이 | E24: 하나 | F24: 김진규 | G24: ㅇ | H24: X
... A32: 081 | B32: 27991001398304 | C32: 75000 | D32: 이고 | E32: 하나 | F32: 더원컴퍼니 | G32: ㅇ | H32: X
A33: 090 | B33: 3333095154900 | C33: 6000 | D33: 유엑스미 | E33: 카카오 | F33: 안소연 | G33: ㅇ | H33: X
A34: 088 | B34: 110565571708 | C34: 10000 | D34: 유에이드 | E34: 신한 | F34: 유에이드(정연화) | G34: ㅇ | H34: X
A35: 004 | B35: 00570104181266 | C35: 1092000 | D35: 유스픽 | E35: 국민 | F35: 유성진 | G35: ㅇ | H35: X
A36: 081 | B36: 39091033424807 | C36: 12000 | D36: 유스 | E36: 하나 | F36: 최민준(유스) | G36: ㅇ | H36: X
A37: 088 | B37: 110224033860 | C37: 180000 | D37: 유리 | E37: 신한 | F37: 박성은 | G37: ㅇ | H37: X
A38: 090 | B38: 3333267395045 | C38: 25000 | D38: 유니모어 | E38: 카카오 | F38: 이석일(유니모어) | G38: ㅇ | H38: x
A39: 004 | B39: 17130104207865 | C39: 85000 | D39: 윌 | E39: 국민 | F39: 김성희(윌) | G39: ㅇ | H39: X
A40: 081 | B40: 22191002103004 | C40: 190300 | D40: 위클리 | E40: 하나 | F40: 주식회사제이와이글로벌패션그룹 | G40: ㅇ | H40: O
A41: 020 | B41: 1005104702925 | C41: 76000 | D41: 우트 | E41: 우리 | F41: ㈜오오티제이 오리진 | G41: ㅇ | H41: O
A42: 088 | B42: 110367521470 | C42: 1135000 | D42: 요미요미 | E42: 신한 | F42: 이정규(요미요미) | G42: ㅇ | H42: X
A43: 003 | B43: 03014345804019 | C43: 26000 | D43: 오드 | E43: 기업 | F43: 주식회사 오드점 | G43: ㅇ | H43: X
A44: 088 | B44: 110555467484 | C44: 14000 | D44: 오도시 | E44: 신한 | F44: 임창현/오도시 | G44: ㅇ | H44: X
A45: 020 | B45: 1005504495386 | C45: 32000 | D45: 여기 | E45: 우리 | F45: 에브리웨어 | G45: ㅇ | H45: X
A46: 003 | B46: 06911960504017 | C46: 36000 | D46: 엠제이 | E46: 기업 | F46: 주식회사엠제이룩 | G46: ㅇ | H46: X
A47: 088 | B47: 110425567853 | C47: 27000 | D47: 엘로즈 | E47: 신한 | F47: 이현승엘로즈 | G47: ㅇ | H47: X
A48: 003 | B48: 02908577101019 | C48: 30800 | D48: 에이에이더블유 | E48: 기업 | F48: 에이에이더블유(권지영) | G48: ㅇ | H48: O
A49: 020 | B49: 1005804294993 | C49: 27000 | D49: 얼리모닝 | E49: 우리 | F49: 백승갑 | G49: ㅇ | H49: X
A50: 011 | B50: 3021427284011 | C50: 190000 | D50: 언니제이 | E50: 농협 | F50: 고연정(언니제이) | G50: ㅇ | H50: X
A51: 003 | B51: 01093570559 | C51: 9000 | D51: 야나 | E51: 기업 | F51: 김정훈(야나) | G51: ㅇ | H51: X
A52: 088 | B52: 110539887153 | C52: 62000 | D52: 안나 | E52: 신한 | F52: 김수진 | G52: ㅇ | H52: X
A53: 020 | B53: 1005203796625 | C53: 579000 | D53: 아이티 | E53: 우리 | F53: HKW컴퍼니 | G53: ㅇ | H53: X
A54: 003 | B54: 03205807001012 | C54: 31000 | D54: 아우트 | E54: 기업 | F54: 이윤아 | G54: ㅇ | H54: X
A55: 081 | B55: 28091027203207 | C55: 20000 | D55: 쓰리쿼터 | E55: 하나 | F55: 김종선(쓰리쿼터) | G55: ㅇ | H55: X
A56: 088 | B56: 110458824187 | C56: 12000 | D56: 썸모어 | E56: 신한 | F56: 오재훈 | G56: ㅇ | H56: X
A57: 004 | B57: 50580101101956 | C57: 210000 | D57: 써니 | E57: 국민 | F57: 안주희 | G57: ㅇ | H57: x
A58: 088 | B58: 110564935137 | C58: 171000 | D58: 스크램블 | E58: 신한 | F58: 스크램블 | G58: ㅇ | H58: X
A59: 081 | B59: 38891000310908 | C59: 235000 | D59: 슈퍼스타 | E59: 하나 | F59: 김학영 | G59: ㅇ | H59: X
A60: 003 | B60: 02909026804017 | C60: 198000 | D60: 슈퍼마켓 | E60: 기업 | F60: 슈퍼마켓(송재진) | G60: ㅇ | H60: X
A61: 088 | B61: 140014903450 | C61: 2309000 | D61: 슈퍼땅콩 | E61: 신한 | F61: 슈퍼땅콩 | G61: ㅇ | H61: X
A62: 088 | B62: 110196330916 | C62: 15000 | D62: 솜솜 | E62: 신한 | F62: 장애리 | G62: ㅇ | H62: X
A63: 020 | B63: 1005504199374 | C63: 33000 | D63: 서울마켓 | E63: 우리 | F63: 사민욱 | G63: ㅇ | H63: X
A64: 081 | B64: 20791052452207 | C64: 24000 | D64: 뿌 | E64: 하나 | F64: 이준미 | G64: ㅇ | H64: X
A65: 020 | B65: 1005303657353 | C65: 12000 | D65: 빨주노초 | E65: 우리 | F65: 정종인 | G65: ㅇ | H65: X
A66: 003 | B66: 03014347604017 | C66: 70000 | D66: 브리니 | E66: 기업 | F66: ㈜브리니랩 | G66: ㅇ | H66: X
A67: 020 | B67: 1005404854052 | C67: 232000 | D67: 베베 | E67: 우리 | F67: ㈜베베픽 | G67: ㅇ | H67: X
A68: 004 | B68: 40910101299531 | C68: 13000 | D68: 버프 | E68: 국민 | F68: 박성계 | G68: ㅇ | H68: X
A69: 020 | B69: 1005104276736 | C69: 9000 | D69: 배추 | E69: 우리 | F69: 주식회사 배추 | G69: ㅇ | H69: X
A70: 088 | B70: 110563422772 | C70: 9000 | D70: 배배 | E70: 신한 | F70: 배문주 | G70: ㅇ | H70: X
A71: 007 | B71: 101023843370 | C71: 171600 | D71: 밤비 | E71: 수협 | F71: ㈜밤비컴퍼니 | G71: ㅇ | H71: O
A72: 088 | B72: 110489136548 | C72: 10000 | D72: 물고기 | E72: 신한 | F72: 블랙피쉬 | G72: ㅇ | H72: X
A73: 088 | B73: 140013785683 | C73: 520500 | D73: 물 | E73: 신한 | F73: ㈜모아크 | G73: ㅇ | H73: X
A74: 004 | B74: 67650104033532 | C74: 800000 | D74: 무지 | E74: 국민 | F74: 고승재 | G74: ㅇ | H74: X
A75: 003 | B75: 08606410601017 | C75: 915000 | D75: 몽땅 | E75: 기업 | F75: 몽땅 김희진 | G75: ㅇ | H75: X
A76: 011 | B76: 20510651007647 | C76: 24000 | D76: 모기 | E76: 농협 | F76: 양동인 | G76: ㅇ | H76: X
... A81: 003 | B81: 02314297601014 | C81: 29150 | D81: 마젠타 | E81: 기업 | F81: ㈜마젠타어패럴그룹 | G81: ㅇ | H81: O
A82: 088 | B82: 100036782981 | C82: 44000 | D82: 마루컴퍼니 | E82: 신한 | F82: ㈜마루컴퍼니 | G82: ㅇ | H82: X
A83: 003 | B83: 91702676804019 | C83: 188100 | D83: 리자드스탠다드 | E83: 기업 | F83: 리자드스탠다드 | G83: ㅇ | H83: O
A84: 088 | B84: 100033404211 | C84: 159000 | D84: 리마인드 | E84: 신한 | F84: ㈜디투어패럴 | G84: ㅇ | H84: X
A85: 003 | B85: 03014338704022 | C85: 33000 | D85: 리디아 | E85: 기업 | F85: ㈜리디아컴퍼니 | G85: ㅇ | H85: O
A86: 004 | B86: 80750104295929 | C86: 16000 | D86: 루프 | E86: 국민 | F86: 박은혜루프 | G86: ㅇ | H86: X
A87: 088 | B87: 100036383077 | C87: 7600 | D87: 롱롱 | E87: 신한 | F87: 안병철 | G87: ㅇ | H87: X
A88: 003 | B88: 41505575601011 | C88: 86000 | D88: 럽모어 | E88: 기업 | F88: 윤은지 | G88: ㅇ | H88: X
A89: 088 | B89: 110553817700 | C89: 19000 | D89: 런던프리 | E89: 신한 | F89: 오혜숙 | G89: ㅇ | H89: X
A90: 020 | B90: 1005004216321 | C90: 66000 | D90: 라라라 | E90: 우리 | F90: 차대승 | G90: ㅇ | H90: X
A91: 088 | B91: 110528003890 | C91: 480000 | D91: 뚜따 | E91: 신한 | F91: 오서진(뚜따) | G91: ㅇ | H91: X
A92: 020 | B92: 1005304084206 | C92: 175000 | D92: 따봉 | E92: 우리 | F92: 주식회사 따봉 | G92: ㅇ | H92: X
A93: 088 | B93: 140014314677 | C93: 11000 | D93: 디티엠 | E93: 신한 | F93: ㈜위원트 | G93: ㅇ | H93: X
A94: 088 | B94: 140013719007 | C94: 10000 | D94: 디어 | E94: 신한 | F94: ㈜패션컴퍼니오성 | G94: ㅇ | H94: X
A95: 088 | B95: 100033185072 | C95: 14000 | D95: 디스웨이 | E95: 신한 | F95: ㈜디스웨이컴퍼니(김대근) | G95: ㅇ | H95: X
A96: 081 | B96: 28091001968104 | C96: 43000 | D96: 디벨롭 | E96: 하나 | F96: 주식회사 앰엔디 | G96: ㅇ | H96: X
A97: 004 | B97: 80753704010170 | C97: 12000 | D97: 더포르투나 | E97: 국민 | F97: ㈜더포르투나 | G97: ㅇ | H97: X
A98: 088 | B98: 100027504296 | C98: 2000 | D98: 더클리닝 | E98: 신한 | F98: 박재유 더클리닝 | G98: ㅇ | H98: X
A99: 003 | B99: 01818868201016 | C99: 25300 | D99: 더블유모즈 | E99: 기업 | F99: ㈜모즈패션 | G99: ㅇ | H99: O
A100: 081 | B100: 38891019090507 | C100: 10000 | D100: 달팡 | E100: 하나 | F100: 양혜정 | G100: ㅇ | H100: x
A101: 048 | B101: 134005814798 | C101: 27000 | D101: 뉴레인보우 | E101: 신협 | F101: ㈜뉴레인보우 | G101: ㅇ | H101: X
A102: 081 | B102: 15391063644307 | C102: 44000 | D102: 논제 | E102: 하나 | F102: 논제 | G102: ㅇ | H102: X
A103: 004 | B103: 28510104133919 | C103: 6000 | D103: 노이 | E103: 국민 | F103: 오현정(노이) | G103: ㅇ | H103: X
A104: 020 | B104: 1002959095655 | C104: 13000 | D104: 노브 | E104: 우리 | F104: 윤명찬 | G104: ㅇ | H104: X
A105: 020 | B105: 1005604401699 | C105: 40000 | D105: 나떼 | E105: 우리 | F105: ㈜나떼 | G105: ㅇ | H105: X
A106: 088 | B106: 100031530371 | C106: 329000 | D106: 그랑블루 | E106: 신한 | F106: ㈜그랑블루진 | G106: ㅇ | H106: X
A107: 088 | B107: 100033113780 | C107: 7000 | D107: 그랑데 | E107: 신한 | F107: 그랑데 | G107: ㅇ | H107: X
A108: 088 | B108: 34802627001 | C108: 4000 | D108: 구이공 | E108: 신한 | F108: 박영규(구이공) | G108: ㅇ | H108: x
A109: 011 | B109: 3510800565953 | C109: 100650 | D109: 에스빈 | E109: 농협 | F109: 임경순(에스빈) | G109: ㅇ | H109: O
D110: 마이티 | E110: 신한 | F110: ㈜마이마이티

Sheet Sheet2
A1: ㅇ | B1: ㅇ | C1: ㅇ | D1: ㅇ | E1: ㅇ | F1: ㅇ | G1: ㅇ | H1: ㅇ
A2: 020 | B2: 1005504775443 | C2: 8000 | D2: 히피스 | E2: 우리 | F2: 이도영(히피스) | G2: ㅇ | H2: X
A3: 088 | B3: 110607909500 | C3: 18000 | D3: 후크 | E3: 신한 | F3: 최문수 | G3: ㅇ | H3: X
A4: 020 | B4: 1005804834765 | C4: 9000 | D4: 홈런 | E4: 우리 | F4: ㈜플레이 홈런 | G4: ㅇ | H4: X
A5: 088 | B5: 110554774968 | C5: 32000 | D5: 하이앤땡큐 | E5: 신한 | F5: 김승현 | G5: ㅇ | H5: X
A6: 081 | B6: 17191028203607 | C6: 54000 | D6: 하이바 | E6: 하나 | F6: 김태형 | G6: ㅇ | H6: X
A7: 004 | B7: 80750104288480 | C7: 9000 | D7: 필앤마조 | E7: 국민 | F7: (주)필앤마조 | G7: ㅇ | H7: X
A8: 088 | B8: 110604500814 | C8: 14000 | D8: 피크닉 | E8: 신한 | F8: 피크닉 | G8: ㅇ | H8: X
A9: 090 | B9: 3333123250772 | C9: 99000 | D9: 포레나 | E9: 카카오 | F9: 박진성 | G9: ㅇ | H9: X
A10: 088 | B10: 110316175919 | C10: 24000 | D10: 페어립트 | E10: 신한 | F10: 황두환(페어립트) | G10: ㅇ | H10: X
A11: 003 | B11: 01819320404015 | C11: 39600 | D11: 퍼플그레이 | E11: 기업 | F11: ㈜퍼플그레이어패럴 | G11: ㅇ | H11: O
A12: 088 | B12: 110489581929 | C12: 10000 | D12: 팔로우비 | E12: 신한 | F12: 변입섭 팔로우비 | G12: ㅇ | H12: X
A13: 088 | B13: 140014915730 | C13: 18000 | D13: 티오 | E13: 신한 | F13: ㈜패션컴퍼니오성 | G13: ㅇ | H13: X
A14: 020 | B14: 1005603272336 | C14: 12000 | D14: 트웬티 | E14: 우리 | F14: 이한숙 | G14: ㅇ | H14: X
A15: 003 | B15: 01212165604012 | C15: 606100 | D15: 크림베이지 | E15: 기업 | F15: 주식회사 크림베이지어패럴 | G15: ㅇ | H15: O
A16: 004 | B16: 34780104162710 | C16: 142000 | D16: 크레파스 | E16: 국민 | F16: ㈜투앤드컴퍼니 | G16: ㅇ | H16: X
A17: 081 | B17: 28491002673804 | C17: 528000 | D17: 코디63 | E17: 하나 | F17: ㈜코디63 | G17: ㅇ | H17: O
A18: 003 | B18: 01500000197711 | C18: 330000 | D18: 케이디지 | E18: 기업 | F18: 케이디지 | G18: ㅇ | H18: O
A19: 004 | B19: 80750104288141 | C19: 14000 | D19: 춘샤 | E19: 국민 | F19: 김유미(춘샤) | G19: ㅇ | H19: X
A20: 088 | B20: 140012386934 | C20: 72000 | D20: 지엔 | E20: 신한 | F20: ㈜지엔어패럴 | G20: ㅇ | H20: X
A21: 004 | B21: 79660104099780 | C21: 10000 | D21: 제임스 | E21: 국민 | F21: ㈜더블유에이치컴퍼니 | G21: ㅇ | H21: X
A22: 081 | B22: 13502366500508 | C22: 84000 | D22: 제이케이 | E22: 하나 | F22: 김진규 | G22: ㅇ | H22: X
A23: 004 | B23: 09340104281400 | C23: 42500 | D23: 제이원 | E23: 국민 | F23: 이경목(제이원) | G23: ㅇ | H23: X
A24: 003 | B24: 08606527904019 | C24: 250000 | D24: 일프로 | E24: 기업 | F24: ㈜더일프로 | G24: ㅇ | H24: X
... A29: 020 | B29: 1005404565023 | C29: 27000 | D29: 유돈노미 | E29: 우리 | F29: 유돈노미 | G29: ㅇ | H29: X
A30: 090 | B30: 3333267395045 | C30: 12000 | D30: 유니모어 | E30: 카카오 | F30: 이석일(유니모어) | G30: ㅇ | H30: x
A31: 081 | B31: 22191002103004 | C31: 213400 | D31: 위클리 | E31: 하나 | F31: 주식회사제이와이글로벌패션그룹 | G31: ㅇ | H31: O
A32: 020 | B32: 1005104702925 | C32: 36000 | D32: 우트 | E32: 우리 | F32: ㈜오오티제이 오리진 | G32: ㅇ | H32: O
A33: 088 | B33: 110367521470 | C33: 9000 | D33: 요미요미 | E33: 신한 | F33: 이정규(요미요미) | G33: ㅇ | H33: X
A34: 088 | B34: 140015691630 | C34: 39500 | D34: 오드 | E34: 신한 | F34: 주식회사 오드점 | G34: ㅇ | H34: X
A35: 088 | B35: 110555467484 | C35: 68000 | D35: 오도시 | E35: 신한 | F35: 임창현/오도시 | G35: ㅇ | H35: X
A36: 020 | B36: 1005504495386 | C36: 12000 | D36: 여기 | E36: 우리 | F36: 에브리웨어 | G36: ㅇ | H36: X
A37: 088 | B37: 140013987091 | C37: 56000 | D37: 엣지 | E37: 신한 | F37: ㈜이디지이(EDGE) | G37: ㅇ | H37: X
A38: 003 | B38: 06911960504017 | C38: 36000 | D38: 엠제이 | E38: 기업 | F38: 주식회사엠제이룩 | G38: ㅇ | H38: X
A39: 003 | B39: 02908577101019 | C39: 256300 | D39: 에이에이더블유 | E39: 기업 | F39: 에이에이더블유(권지영) | G39: ㅇ | H39: O
A40: 004 | B40: 21830104363558 | C40: 12000 | D40: 에이러브 | E40: 국민 | F40: 임애경 | G40: ㅇ | H40: X
A41: 020 | B41: 1005804294993 | C41: 45000 | D41: 얼리모닝 | E41: 우리 | F41: 백승갑 | G41: ㅇ | H41: X
A42: 011 | B42: 3021427284011 | C42: 50000 | D42: 언니제이 | E42: 농협 | F42: 고연정(언니제이) | G42: ㅇ | H42: X
A43: 081 | B43: 18291003287104 | C43: 32000 | D43: 안느 | E43: 하나 | F43: ㈜몬드 | G43: ㅇ | H43: X
A44: 088 | B44: 110539887153 | C44: 619000 | D44: 안나 | E44: 신한 | F44: 김수진 | G44: ㅇ | H44: X
A45: 004 | B45: 40913701004859 | C45: 20000 | D45: 아페리얼 | E45: 국민 | F45: ㈜아페리얼 | G45: ㅇ | H45: X
A46: 020 | B46: 1005203796625 | C46: 1241000 | D46: 아이티 | E46: 우리 | F46: HKW컴퍼니 | G46: ㅇ | H46: X
A47: 020 | B47: 1006901523228 | C47: 36000 | D47: 아델라 | E47: 우리 | F47: 김지숙 | G47: ㅇ | H47: X
A48: 088 | B48: 110564935137 | C48: 19000 | D48: 스크램블 | E48: 신한 | F48: 스크램블 | G48: ㅇ | H48: X
A49: 081 | B49: 38891000310908 | C49: 107000 | D49: 슈퍼스타 | E49: 하나 | F49: 김학영 | G49: ㅇ | H49: X
A50: 088 | B50: 140014903450 | C50: 1554000 | D50: 슈퍼땅콩 | E50: 신한 | F50: 슈퍼땅콩 | G50: ㅇ | H50: X
A51: 088 | B51: 110196330916 | C51: 30000 | D51: 솜솜 | E51: 신한 | F51: 장애리 | G51: ㅇ | H51: X
A52: 020 | B52: 1005303657353 | C52: 65000 | D52: 빨주노초 | E52: 우리 | F52: 정종인 | G52: ㅇ | H52: X
A53: 088 | B53: 140015691122 | C53: 33000 | D53: 브리니 | E53: 신한 | F53: ㈜브리니랩 | G53: ㅇ | H53: X
A54: 088 | B54: 110500660298 | C54: 44000 | D54: 볼터치 | E54: 신한 | F54: 김은정(볼터치) | G54: ㅇ | H54: X
A55: 004 | B55: 34780104163197 | C55: 83000 | D55: 별대봉 | E55: 국민 | F55: ㈜투앤드컴퍼니 | G55: ㅇ | H55: X
A56: 020 | B56: 1005404854052 | C56: 23500 | D56: 베베 | E56: 우리 | F56: ㈜베베픽 | G56: ㅇ | H56: X
A57: 004 | B57: 40910101299531 | C57: 65000 | D57: 버프 | E57: 국민 | F57: 박성계 | G57: ㅇ | H57: X
A58: 020 | B58: 1005104276736 | C58: 27000 | D58: 배추 | E58: 우리 | F58: 주식회사 배추 | G58: ㅇ | H58: X
A59: 007 | B59: 101023843370 | C59: 869550 | D59: 밤비 | E59: 수협 | F59: ㈜밤비컴퍼니 | G59: ㅇ | H59: O
A60: 081 | B60: 19991025356107 | C60: 54000 | D60: 발렌티 | E60: 하나 | F60: 배재웅 | G60: ㅇ | H60: X
A61: 088 | B61: 140013785683 | C61: 12000 | D61: 물 | E61: 신한 | F61: ㈜모아크 | G61: ㅇ | H61: X
A62: 088 | B62: 110482827794 | C62: 50000 | D62: 몽구스 | E62: 신한 | F62: 박은주 | G62: ㅇ | H62: X
A63: 007 | B63: 101023336372 | C63: 72000 | D63: 몰핀 | E63: 수협 | F63: 이유진 | G63: ㅇ | H63: X
... A68: 003 | B68: 02314297601014 | C68: 21450 | D68: 마젠타 | E68: 기업 | F68: ㈜마젠타어패럴그룹 | G68: ㅇ | H68: O
A69: 088 | B69: 100036782981 | C69: 11000 | D69: 마루컴퍼니 | E69: 신한 | F69: ㈜마루컴퍼니 | G69: ㅇ | H69: X
A70: 088 | B70: 140015690682 | C70: 36850 | D70: 리디아 | E70: 신한 | F70: ㈜리디아컴퍼니 | G70: ㅇ | H70: O
A71: 004 | B71: 80750104295929 | C71: 64000 | D71: 루프 | E71: 국민 | F71: 박은혜루프 | G71: ㅇ | H71: X
A72: 004 | B72: 03610104060011 | C72: 36000 | D72: 루나 | E72: 국민 | F72: 강승모 | G72: ㅇ | H72: X
A73: 003 | B73: 41505575601011 | C73: 49000 | D73: 럽모어 | E73: 기업 | F73: 윤은지 | G73: ㅇ | H73: X
A74: 020 | B74: 1005004216321 | C74: 220000 | D74: 라라라 | E74: 우리 | F74: 차대승 | G74: ㅇ | H74: X
A75: 088 | B75: 110528003890 | C75: 60000 | D75: 뚜따 | E75: 신한 | F75: 오서진(뚜따) | G75: ㅇ | H75: X
A76: 020 | B76: 1005304084206 | C76: 26000 | D76: 따봉 | E76: 우리 | F76: 주식회사 따봉 | G76: ㅇ | H76: X
A77: 088 | B77: 140014314677 | C77: 81000 | D77: 디티엠 | E77: 신한 | F77: ㈜위원트 | G77: ㅇ | H77: X
A78: 020 | B78: 1005704817308 | C78: 8000 | D78: 두유 | E78: 우리 | F78: 주식회사 두유 | G78: ㅇ | H78: X
A79: 004 | B79: 80753704008339 | C79: 30000 | D79: 도레미씨 | E79: 국민 | F79: ㈜도레미씨 | G79: ㅇ | H79: X
A80: 003 | B80: 01818868201016 | C80: 24200 | D80: 더블유모즈 | E80: 기업 | F80: ㈜모즈패션 | G80: ㅇ | H80: O
A81: 020 | B81: 1005784201022 | C81: 11000 | D81: 더본 | E81: 우리 | F81: 메이드본 | G81: ㅇ | H81: O
A82: 048 | B82: 134005814798 | C82: 54000 | D82: 뉴레인보우 | E82: 신협 | F82: ㈜뉴레인보우 | G82: ㅇ | H82: X
A83: 004 | B83: 28510104133919 | C83: 6000 | D83: 노이 | E83: 국민 | F83: 오현정(노이) | G83: ㅇ | H83: X
A84: 020 | B84: 1002959095655 | C84: 13000 | D84: 노브 | E84: 우리 | F84: 윤명찬 | G84: ㅇ | H84: X
A85: 088 | B85: 100031530371 | C85: 70000 | D85: 그랑블루 | E85: 신한 | F85: ㈜그랑블루진 | G85: ㅇ | H85: X
A86: 088 | B86: 34802627001 | C86: 4000 | D86: 구이공 | E86: 신한 | F86: 박영규(구이공) | G86: ㅇ | H86: x

Sheet 1월 22일
A1: ㅇ | B1: ㅇ | C1: ㅇ | D1: ㅇ | E1: ㅇ | F1: ㅇ | G1: ㅇ | H1: ㅇ
A2: 020 | B2: 1005504775443 | C2: 41000 | D2: 히피스 | E2: 우리 | F2: 이도영(히피스) | G2: ㅇ | H2: X
A3: 003 | B3: 20108343304014 | C3: 9000 | D3: 화이트옐로우 | E3: 기업 | F3: 옐로우이엔엠 주식회사 | G3: ㅇ | H3: X
A4: 020 | B4: 1005603730629 | C4: 8000 | D4: 홀리몰리 | E4: 우리 | F4: 홀리몰리 | G4: ㅇ | H4: X
A5: 088 | B5: 110554774968 | C5: 64000 | D5: 하이앤땡큐 | E5: 신한 | F5: 김승현 | G5: ㅇ | H5: X
A6: 004 | B6: 80750104288480 | C6: 1435000 | D6: 필앤마조 | E6: 국민 | F6: (주)필앤마조 | G6: ㅇ | H6: X
A7: 004 | B7: 79660104121302 | C7: 7000 | D7: 푸딩 | E7: 국민 | F7: 박혜민 | G7: ㅇ | H7: X
A8: 090 | B8: 3333123250772 | C8: 18000 | D8: 포레나 | E8: 카카오 | F8: 박진성 | G8: ㅇ | H8: X
A9: 088 | B9: 110316175919 | C9: 48000 | D9: 페어립트 | E9: 신한 | F9: 황두환(페어립트) | G9: ㅇ | H9: X
A10: 088 | B10: 110564250069 | C10: 7000 | D10: 펀치 | E10: 신한 | F10: 양창민(펀치) | G10: ㅇ | H10: X
A11: 003 | B11: 01819320404015 | C11: 1650 | D11: 퍼플그레이 | E11: 기업 | F11: ㈜퍼플그레이어패럴 | G11: ㅇ | H11: O
A12: 088 | B12: 140014915730 | C12: 6000 | D12: 티오 | E12: 신한 | F12: ㈜패션컴퍼니오성 | G12: ㅇ | H12: X
A13: 011 | B13: 3022043205911 | C13: 12000 | D13: 투썸 | E13: 농협 | F13: 투썸 | G13: ㅇ | H13: X
A14: 004 | B14: 34780104162710 | C14: 130000 | D14: 크레파스 | E14: 국민 | F14: ㈜투앤드컴퍼니 | G14: ㅇ | H14: X
A15: 081 | B15: 28491002673804 | C15: 510400 | D15: 코디63 | E15: 하나 | F15: ㈜코디63 | G15: ㅇ | H15: O
A16: 003 | B16: 01500000197711 | C16: 414150 | D16: 케이디지 | E16: 기업 | F16: 케이디지 | G16: ㅇ | H16: O
A17: 004 | B17: 59280104131903 | C17: 35000 | D17: 치퍼 | E17: 국민 | F17: 최현준(치퍼(CHIPPER)) | G17: ㅇ | H17: X
A18: 088 | B18: 140012386934 | C18: 120000 | D18: 지엔 | E18: 신한 | F18: ㈜지엔어패럴 | G18: ㅇ | H18: X
A19: 081 | B19: 28191003840204 | C19: 8000 | D19: 저기 | E19: 하나 | F19: 에브리웨어 | G19: ㅇ | H19: X
A20: 081 | B20: 21891004070404 | C20: 12000 | D20: 이안 | E20: 하나 | F20: 주식회사 데이앤 | G20: ㅇ | H20: X
... A23: 020 | B23: 1005404565023 | C23: 13500 | D23: 유돈노미 | E23: 우리 | F23: 유돈노미 | G23: ㅇ | H23: X
A24: 090 | B24: 3333267395045 | C24: 12000 | D24: 유니모어 | E24: 카카오 | F24: 이석일(유니모어) | G24: ㅇ | H24: x
A25: 081 | B25: 22191002103004 | C25: 338800 | D25: 위클리 | E25: 하나 | F25: 주식회사제이와이글로벌패션그룹 | G25: ㅇ | H25: O
A26: 088 | B26: 110367521470 | C26: 1149000 | D26: 요미요미 | E26: 신한 | F26: 이정규(요미요미) | G26: ㅇ | H26: X
A27: 088 | B27: 140012598030 | C27: 6000 | D27: 오즈브릿지 | E27: 신한 | F27: ㈜오즈브릿지 | G27: ㅇ | H27: X
A28: 088 | B28: 140015691630 | C28: 25000 | D28: 오드 | E28: 신한 | F28: 주식회사 오드점 | G28: ㅇ | H28: X
A29: 020 | B29: 1005504495386 | C29: 144000 | D29: 여기 | E29: 우리 | F29: 에브리웨어 | G29: ㅇ | H29: X
A30: 088 | B30: 140013987091 | C30: 66000 | D30: 엣지 | E30: 신한 | F30: ㈜이디지이(EDGE) | G30: ㅇ | H30: X
A31: 088 | B31: 140013987091 | C31: 60000 | D31: 엣지 | E31: 신한 | F31: ㈜이디지이(EDGE) | G31: ㅇ | H31: X
A32: 088 | B32: 110425567853 | C32: 9000 | D32: 엘로즈 | E32: 신한 | F32: 이현승엘로즈 | G32: ㅇ | H32: X
A33: 003 | B33: 02908577101019 | C33: 123200 | D33: 에이에이더블유 | E33: 기업 | F33: 에이에이더블유(권지영) | G33: ㅇ | H33: O
A34: 088 | B34: 110539887153 | C34: 20000 | D34: 안나 | E34: 신한 | F34: 김수진 | G34: ㅇ | H34: X
A35: 020 | B35: 1005203796625 | C35: 804000 | D35: 아이티 | E35: 우리 | F35: HKW컴퍼니 | G35: ㅇ | H35: X
A36: 004 | B36: 00730104080518 | C36: 18000 | D36: 썸머 | E36: 국민 | F36: 최환준 | G36: ㅇ | H36: x
A37: 088 | B37: 110564935137 | C37: 17000 | D37: 스크램블 | E37: 신한 | F37: 스크램블 | G37: ㅇ | H37: X
A38: 081 | B38: 38891000310908 | C38: 121000 | D38: 슈퍼스타 | E38: 하나 | F38: 김학영 | G38: ㅇ | H38: X
A39: 020 | B39: 1005303657353 | C39: 37000 | D39: 빨주노초 | E39: 우리 | F39: 정종인 | G39: ㅇ | H39: X
A40: 004 | B40: 93390101228298 | C40: 120000 | D40: 브이브이브이 | E40: 국민 | F40: 권순범(브이브이브이) | G40: ㅇ | H40: X
A41: 004 | B41: 34780104163197 | C41: 31000 | D41: 별대봉 | E41: 국민 | F41: ㈜투앤드컴퍼니 | G41: ㅇ | H41: X
A42: 020 | B42: 1005404854052 | C42: 21000 | D42: 베베 | E42: 우리 | F42: ㈜베베픽 | G42: ㅇ | H42: X
A43: 007 | B43: 101023843370 | C43: 248050 | D43: 밤비 | E43: 수협 | F43: ㈜밤비컴퍼니 | G43: ㅇ | H43: O
A44: 020 | B44: 1002237068659 | C44: 32000 | D44: 멜트 | E44: 우리 | F44: 나동수 | G44: ㅇ | H44: X
... A48: 003 | B48: 02314297601014 | C48: 14300 | D48: 마젠타 | E48: 기업 | F48: ㈜마젠타어패럴그룹 | G48: ㅇ | H48: O
A49: 088 | B49: 100036782981 | C49: 11000 | D49: 마루컴퍼니 | E49: 신한 | F49: ㈜마루컴퍼니 | G49: ㅇ | H49: X
A50: 004 | B50: 40910201249139 | C50: 69000 | D50: 림샵 | E50: 국민 | F50: 임순철 | G50: ㅇ | H50: X
A51: 003 | B51: 91702676804019 | C51: 725450 | D51: 리자드스탠다드 | E51: 기업 | F51: 리자드스탠다드 | G51: ㅇ | H51: O
A52: 088 | B52: 140015690682 | C52: 27500 | D52: 리디아 | E52: 신한 | F52: ㈜리디아컴퍼니 | G52: ㅇ | H52: O
A53: 088 | B53: 140014416250 | C53: 8000 | D53: 롤린 | E53: 신한 | F53: ㈜롤린인터내셔널 | G53: ㅇ | H53: X
A54: 090 | B54: 3333075429507 | C54: 24000 | D54: 로쏘 | E54: 카카오 | F54: 윤주영 | G54: ㅇ | H54: X
A55: 004 | B55: 41430101172768 | C55: 33000 | D55: 레인우드 | E55: 국민 | F55: 라브레아(김혜림) | G55: ㅇ | H55: X
A56: 003 | B56: 41505575601011 | C56: 152000 | D56: 럽모어 | E56: 기업 | F56: 윤은지 | G56: ㅇ | H56: X
A57: 020 | B57: 1005304084206 | C57: 27000 | D57: 따봉 | E57: 우리 | F57: 주식회사 따봉 | G57: ㅇ | H57: X
A58: 004 | B58: 80753704008339 | C58: 70000 | D58: 도레미씨 | E58: 국민 | F58: ㈜도레미씨 | G58: ㅇ | H58: X
A59: 048 | B59: 132131308376 | C59: 36000 | D59: 도드 | E59: 신협 | F59: 전여원 | G59: ㅇ | H59: X
A60: 003 | B60: 01818868201016 | C60: 12100 | D60: 더블유모즈 | E60: 기업 | F60: ㈜모즈패션 | G60: ㅇ | H60: O
A61: 020 | B61: 1005784201022 | C61: 11000 | D61: 더본 | E61: 우리 | F61: 메이드본 | G61: ㅇ | H61: O
A62: 020 | B62: 1005003656847 | C62: 39000 | D62: 니트홀릭 | E62: 우리 | F62: 송병직(니트홀릭) | G62: ㅇ | H62: X
A63: 048 | B63: 134005814798 | C63: 55000 | D63: 뉴레인보우 | E63: 신협 | F63: ㈜뉴레인보우 | G63: ㅇ | H63: X
A64: 020 | B64: 1002959095655 | C64: 23000 | D64: 노브 | E64: 우리 | F64: 윤명찬 | G64: ㅇ | H64: X
A65: 088 | B65: 100031530371 | C65: 32000 | D65: 그랑블루 | E65: 신한 | F65: ㈜그랑블루진 | G65: ㅇ | H65: X
A66: 088 | B66: 100033113780 | C66: 77000 | D66: 그랑데 | E66: 신한 | F66: 그랑데 | G66: ㅇ | H66: X
A67: 088 | B67: 34802627001 | C67: 33000 | D67: 구이공 | E67: 신한 | F67: 박영규(구이공) | G67: ㅇ | H67: x

Sheet 1월 23일
A1: d | B1: d | C1: d | D1: d | E1: d | F1: d | H1: d
A2: 090 | B2: 3333289511795 | C2: 243000 | D2: 하이프 | E2: 카카오 | F2: 하이프(HYPE) | G2: ㅇ | H2: X
A3: 081 | B3: 17191028203607 | C3: 9000 | D3: 하이바 | E3: 하나 | F3: 김태형 | G3: ㅇ | H3: X
A4: 003 | B4: 01041961598 | C4: 26000 | D4: 플레이 | E4: 기업 | F4: 김미라(플레이) | G4: ㅇ | H4: X
A5: 004 | B5: 07300104259173 | C5: 2184000 | D5: 프레쩰 | E5: 국민 | F5: 주현 | G5: ㅇ | H5: X
A6: 088 | B6: 140013540787 | C6: 14000 | D6: 풀하우스 | E6: 신한 | F6: 주식회사 풀하우스컴퍼니 김기완 | G6: ㅇ | H6: X
A7: 090 | B7: 3333123250772 | C7: 9000 | D7: 포레나 | E7: 카카오 | F7: 박진성 | G7: ㅇ | H7: X
A8: 088 | B8: 110316175919 | C8: 24000 | D8: 페어립트 | E8: 신한 | F8: 황두환(페어립트) | G8: ㅇ | H8: X
A9: 020 | B9: 1005602130034 | C9: 15000 | D9: 퍼블릭 | E9: 우리 | F9: ㈜진성 | G9: ㅇ | H9: X
A10: 088 | B10: 110555436511 | C10: 17000 | D10: 파인파인 | E10: 신한 | F10: 파인파인 | G10: ㅇ | H10: X
A11: 088 | B11: 140014915730 | C11: 30000 | D11: 티오 | E11: 신한 | F11: ㈜패션컴퍼니오성 | G11: ㅇ | H11: X
A12: 020 | B12: 1005603272336 | C12: 12000 | D12: 트웬티 | E12: 우리 | F12: 이한숙 | G12: ㅇ | H12: X
A13: 003 | B13: 01212165604012 | C13: 241450 | D13: 크림베이지 | E13: 기업 | F13: 주식회사 크림베이지어패럴 | G13: ㅇ | H13: O
A14: 004 | B14: 34780104162710 | C14: 15000 | D14: 크레파스 | E14: 국민 | F14: ㈜투앤드컴퍼니 | G14: ㅇ | H14: X
A15: 081 | B15: 28491002673804 | C15: 1630200 | D15: 코디63 | E15: 하나 | F15: ㈜코디63 | G15: ㅇ | H15: O
A16: 003 | B16: 01500000197711 | C16: 284350 | D16: 케이디지 | E16: 기업 | F16: 케이디지 | G16: ㅇ | H16: O
A17: 004 | B17: 59280104131903 | C17: 11000 | D17: 치퍼 | E17: 국민 | F17: 최현준(치퍼(CHIPPER)) | G17: ㅇ | H17: X
A18: 003 | B18: 50003222004019 | C18: 13200 | D18: 진머니 | E18: 기업 | F18: ㈜진머니 | G18: ㅇ | H18: O
A19: 088 | B19: 140012386934 | C19: 11000 | D19: 지엔 | E19: 신한 | F19: ㈜지엔어패럴 | G19: ㅇ | H19: X
... A30: 088 | B30: 110224033860 | C30: 90000 | D30: 유리 | E30: 신한 | F30: 박성은 | G30: ㅇ | H30: X
A31: 090 | B31: 3333267395045 | C31: 25000 | D31: 유니모어 | E31: 카카오 | F31: 이석일(유니모어) | G31: ㅇ | H31: x
A32: 081 | B32: 22191002103004 | C32: 82500 | D32: 위클리 | E32: 하나 | F32: 주식회사제이와이글로벌패션그룹 | G32: ㅇ | H32: O
A33: 088 | B33: 110367521470 | C33: 24000 | D33: 요미요미 | E33: 신한 | F33: 이정규(요미요미) | G33: ㅇ | H33: X
A34: 003 | B34: 08606445401018 | C34: 28000 | D34: 오드블루 | E34: 기업 | F34: 이성현 | G34: ㅇ | H34: X
A35: 088 | B35: 140015691630 | C35: 14500 | D35: 오드 | E35: 신한 | F35: 주식회사 오드점 | G35: ㅇ | H35: X
A36: 088 | B36: 110555467484 | C36: 28000 | D36: 오도시 | E36: 신한 | F36: 임창현/오도시 | G36: ㅇ | H36: X
A37: 020 | B37: 1005504495386 | C37: 60000 | D37: 여기 | E37: 우리 | F37: 에브리웨어 | G37: ㅇ | H37: X
A38: 088 | B38: 110425567853 | C38: 18000 | D38: 엘로즈 | E38: 신한 | F38: 이현승엘로즈 | G38: ㅇ | H38: X
A39: 003 | B39: 02908577101019 | C39: 15400 | D39: 에이에이더블유 | E39: 기업 | F39: 에이에이더블유(권지영) | G39: ㅇ | H39: O
A40: 088 | B40: 110539887153 | C40: 349000 | D40: 안나 | E40: 신한 | F40: 김수진 | G40: ㅇ | H40: X
A41: 020 | B41: 1005203796625 | C41: 16000 | D41: 아이티 | E41: 우리 | F41: HKW컴퍼니 | G41: ㅇ | H41: X
A42: 088 | B42: 110564935137 | C42: 15000 | D42: 스크램블 | E42: 신한 | F42: 스크램블 | G42: ㅇ | H42: X
A43: 081 | B43: 38891000310908 | C43: 11000 | D43: 슈퍼스타 | E43: 하나 | F43: 김학영 | G43: ㅇ | H43: X
A44: 088 | B44: 140014903450 | C44: 27000 | D44: 슈퍼땅콩 | E44: 신한 | F44: 슈퍼땅콩 | G44: ㅇ | H44: X
A45: 004 | B45: 93390101228298 | C45: 34000 | D45: 브이브이브이 | E45: 국민 | F45: 권순범(브이브이브이) | G45: ㅇ | H45: X
A46: 088 | B46: 140015691122 | C46: 65000 | D46: 브리니 | E46: 신한 | F46: ㈜브리니랩 | G46: ㅇ | H46: X
A47: 004 | B47: 34780104163197 | C47: 26000 | D47: 별대봉 | E47: 국민 | F47: ㈜투앤드컴퍼니 | G47: ㅇ | H47: X
A48: 007 | B48: 101023843370 | C48: 463650 | D48: 밤비 | E48: 수협 | F48: ㈜밤비컴퍼니 | G48: ㅇ | H48: O
A49: 088 | B49: 110489136548 | C49: 9000 | D49: 물고기 | E49: 신한 | F49: 블랙피쉬 | G49: ㅇ | H49: X
A50: 007 | B50: 101023336372 | C50: 24000 | D50: 몰핀 | E50: 수협 | F50: 이유진 | G50: ㅇ | H50: X
... A57: 088 | B57: 100036383077 | C57: 214000 | D57: 롱롱 | E57: 신한 | F57: 안병철 | G57: ㅇ | H57: X
A58: 020 | B58: 1005004216321 | C58: 11000 | D58: 라라라 | E58: 우리 | F58: 차대승 | G58: ㅇ | H58: X
A59: 020 | B59: 1005304084206 | C59: 7000 | D59: 따봉 | E59: 우리 | F59: 주식회사 따봉 | G59: ㅇ | H59: X
A60: 081 | B60: 43391006645604 | C60: 57200 | D60: 디피프로젝트 | E60: 하나 | F60: 주식회사 디피프로젝트 | G60: ㅇ | H60: O
A61: 088 | B61: 140014314677 | C61: 13000 | D61: 디티엠 | E61: 신한 | F61: ㈜위원트 | G61: ㅇ | H61: X
A62: 004 | B62: 80753704008339 | C62: 13000 | D62: 도레미씨 | E62: 국민 | F62: ㈜도레미씨 | G62: ㅇ | H62: X
A63: 020 | B63: 1005003656847 | C63: 26000 | D63: 니트홀릭 | E63: 우리 | F63: 송병직(니트홀릭) | G63: ㅇ | H63: X
A64: 088 | B64: 140013288464 | C64: 7000 | D64: 니뜨야 | E64: 신한 | F64: 주식회사 니뜨야 | G64: ㅇ | H64: X
A65: 048 | B65: 134005814798 | C65: 14000 | D65: 뉴레인보우 | E65: 신협 | F65: ㈜뉴레인보우 | G65: ㅇ | H65: X
A66: 004 | B66: 28510104133919 | C66: 6000 | D66: 노이 | E66: 국민 | F66: 오현정(노이) | G66: ㅇ | H66: X
A67: 088 | B67: 100031530371 | C67: 225000 | D67: 그랑블루 | E67: 신한 | F67: ㈜그랑블루진 | G67: ㅇ | H67: X
A68: 088 | B68: 100033113780 | C68: 7000 | D68: 그랑데 | E68: 신한 | F68: 그랑데 | G68: ㅇ | H68: X
A69: 088 | B69: 34802627001 | C69: 200000 | D69: 구이공 | E69: 신한 | F69: 박영규(구이공) | G69: ㅇ | H69: x
A70: 004 | B70: 01830104233866 | C70: 112200 | D70: 계란속노른자 | E70: 국민 | F70: 김재영 | G70: ㅇ | H70: O
A71: 092 | B71: 190887558221 | C71: 35459 | D71: 전율하 | E71: 토스뱅크

Sheet 1월24일
A1: ㅇ | B1: ㅇ | C1: ㅇ | D1: ㅇ | E1: ㅇ | F1: ㅇ | G1: ㅇ | H1: ㅇ
A2: 020 | B2: 1005504775443 | C2: 102000 | D2: 히피스 | E2: 우리 | F2: 이도영(히피스) | G2: ㅇ | H2: X
A3: 003 | B3: 20108343304014 | C3: 12000 | D3: 화이트옐로우 | E3: 기업 | F3: 옐로우이엔엠 주식회사 | G3: ㅇ | H3: X
A4: 020 | B4: 1005804834765 | C4: 18000 | D4: 홈런 | E4: 우리 | F4: ㈜플레이 홈런 | G4: ㅇ | H4: X
A5: 090 | B5: 3333289511795 | C5: 27000 | D5: 하이프 | E5: 카카오 | F5: 하이프(HYPE) | G5: ㅇ | H5: X
A6: 081 | B6: 17191028203607 | C6: 54000 | D6: 하이바 | E6: 하나 | F6: 김태형 | G6: ㅇ | H6: X
A7: 004 | B7: 80750104288480 | C7: 2879000 | D7: 필앤마조 | E7: 국민 | F7: (주)필앤마조 | G7: ㅇ | H7: X
A8: 003 | B8: 01041961598 | C8: 13000 | D8: 플레이 | E8: 기업 | F8: 김미라(플레이) | G8: ㅇ | H8: X
A9: 088 | B9: 140013540787 | C9: 124000 | D9: 풀하우스 | E9: 신한 | F9: 주식회사 풀하우스컴퍼니 김기완 | G9: ㅇ | H9: X
A10: 090 | B10: 3333123250772 | C10: 99000 | D10: 포레나 | E10: 카카오 | F10: 박진성 | G10: ㅇ | H10: X
A11: 088 | B11: 110316175919 | C11: 24000 | D11: 페어립트 | E11: 신한 | F11: 황두환(페어립트) | G11: ㅇ | H11: X
A12: 020 | B12: 1005602130034 | C12: 15000 | D12: 퍼블릭 | E12: 우리 | F12: ㈜진성 | G12: ㅇ | H12: X
A13: 088 | B13: 110555436511 | C13: 64000 | D13: 파인파인 | E13: 신한 | F13: 파인파인 | G13: ㅇ | H13: X
A14: 088 | B14: 140014915730 | C14: 160000 | D14: 티오 | E14: 신한 | F14: ㈜패션컴퍼니오성 | G14: ㅇ | H14: X
A15: 004 | B15: 34780104162710 | C15: 312000 | D15: 크레파스 | E15: 국민 | F15: ㈜투앤드컴퍼니 | G15: ㅇ | H15: X
A16: 081 | B16: 28491002673804 | C16: 609400 | D16: 코디63 | E16: 하나 | F16: ㈜코디63 | G16: ㅇ | H16: O
A17: 020 | B17: 35007115702103 | C17: 6000 | D17: 케이스타 | E17: 우리 | F17: 임미선 | G17: ㅇ | H17: X
A18: 003 | B18: 01500000197711 | C18: 381700 | D18: 케이디지 | E18: 기업 | F18: 케이디지 | G18: ㅇ | H18: O
A19: 004 | B19: 77463704004031 | C19: 56000 | D19: 줄리 | E19: 국민 | F19: ㈜쥴리 | G19: ㅇ | H19: X
A20: 081 | B20: 13502366500508 | C20: 42000 | D20: 제이케이 | E20: 하나 | F20: 김진규 | G20: ㅇ | H20: X
A21: 004 | B21: 09340104281400 | C21: 110500 | D21: 제이원 | E21: 국민 | F21: 이경목(제이원) | G21: ㅇ | H21: X
A22: 020 | B22: 1005404757533 | C22: 10000 | D22: 제니퍼 | E22: 우리 | F22: 김미애(제니퍼) | G22: ㅇ | H22: X
A23: 081 | B23: 28191003840204 | C23: 128000 | D23: 저기 | E23: 하나 | F23: 에브리웨어 | G23: ㅇ | H23: X
A24: 003 | B24: 08606527904019 | C24: 25000 | D24: 일프로 | E24: 기업 | F24: ㈜더일프로 | G24: ㅇ | H24: X
A25: 003 | B25: 08606354904011 | C25: 14000 | D25: 이퓨 | E25: 기업 | F25: ㈜티센 | G25: ㅇ | H25: X
A26: 081 | B26: 21891004070404 | C26: 12000 | D26: 이안 | E26: 하나 | F26: 주식회사 데이앤 | G26: ㅇ | H26: X
A27: 081 | B27: 19991017546307 | C27: 128000 | D27: 이사벨라 | E27: 하나 | F27: 조휘호 | G27: ㅇ | H27: X
A28: 088 | B28: 110565571708 | C28: 10000 | D28: 유에이드 | E28: 신한 | F28: 유에이드(정연화) | G28: ㅇ | H28: X
A29: 004 | B29: 00570104181266 | C29: 9000 | D29: 유스픽 | E29: 국민 | F29: 유성진 | G29: ㅇ | H29: X
... A31: 020 | B31: 1005404565023 | C31: 24750 | D31: 유돈노미 | E31: 우리 | F31: 유돈노미 | G31: ㅇ | H31: X
A32: 090 | B32: 3333267395045 | C32: 25000 | D32: 유니모어 | E32: 카카오 | F32: 이석일(유니모어) | G32: ㅇ | H32: x
A33: 004 | B33: 17130104207865 | C33: 34000 | D33: 윌 | E33: 국민 | F33: 김성희(윌) | G33: ㅇ | H33: X
A34: 081 | B34: 22191002103004 | C34: 339900 | D34: 위클리 | E34: 하나 | F34: 주식회사제이와이글로벌패션그룹 | G34: ㅇ | H34: O
A35: 020 | B35: 1005104702925 | C35: 40000 | D35: 우트 | E35: 우리 | F35: ㈜오오티제이 오리진 | G35: ㅇ | H35: O
A36: 088 | B36: 140012598030 | C36: 36300 | D36: 오즈브릿지 | E36: 신한 | F36: ㈜오즈브릿지 | G36: ㅇ | H36: X
A37: 003 | B37: 08606445401018 | C37: 28000 | D37: 오드블루 | E37: 기업 | F37: 이성현 | G37: ㅇ | H37: X
A38: 088 | B38: 140015691630 | C38: 137500 | D38: 오드 | E38: 신한 | F38: 주식회사 오드점 | G38: ㅇ | H38: X
A39: 003 | B39: 20107648001016 | C39: 15000 | D39: 옐로우 | E39: 기업 | F39: 옐로우이엔엠 주식회사 | G39: ㅇ | H39: X
A40: 020 | B40: 1005504495386 | C40: 180000 | D40: 여기 | E40: 우리 | F40: 에브리웨어 | G40: ㅇ | H40: X
A41: 088 | B41: 140013987091 | C41: 110000 | D41: 엣지 | E41: 신한 | F41: ㈜이디지이(EDGE) | G41: ㅇ | H41: X
A42: 088 | B42: 110425567853 | C42: 45000 | D42: 엘로즈 | E42: 신한 | F42: 이현승엘로즈 | G42: ㅇ | H42: X
A43: 088 | B43: 110517059780 | C43: 17600 | D43: 엔초 | E43: 신한 | F43: 최훈정(엔초) | G43: ㅇ | H43: O
A44: 003 | B44: 02908577101019 | C44: 77000 | D44: 에이에이더블유 | E44: 기업 | F44: 에이에이더블유(권지영) | G44: ㅇ | H44: O
A45: 020 | B45: 1005804294993 | C45: 9000 | D45: 얼리모닝 | E45: 우리 | F45: 백승갑 | G45: ㅇ | H45: X
A46: 088 | B46: 110547690282 | C46: 9000 | D46: 앨리 | E46: 신한 | F46: 신나겸이(앨리) | G46: ㅇ | H46: X
A47: 088 | B47: 110539887153 | C47: 180000 | D47: 안나 | E47: 신한 | F47: 김수진 | G47: ㅇ | H47: X
A48: 004 | B48: 40913701004859 | C48: 20000 | D48: 아페리얼 | E48: 국민 | F48: ㈜아페리얼 | G48: ㅇ | H48: X
A49: 020 | B49: 1005203796625 | C49: 360000 | D49: 아이티 | E49: 우리 | F49: HKW컴퍼니 | G49: ㅇ | H49: X
A50: 004 | B50: 50580101101956 | C50: 70000 | D50: 써니 | E50: 국민 | F50: 안주희 | G50: ㅇ | H50: x
A51: 088 | B51: 110564935137 | C51: 112000 | D51: 스크램블 | E51: 신한 | F51: 스크램블 | G51: ㅇ | H51: X
A52: 081 | B52: 38891000310908 | C52: 45000 | D52: 슈퍼스타 | E52: 하나 | F52: 김학영 | G52: ㅇ | H52: X
A53: 088 | B53: 140014903450 | C53: 70000 | D53: 슈퍼땅콩 | E53: 신한 | F53: 슈퍼땅콩 | G53: ㅇ | H53: X
A54: 088 | B54: 110196330916 | C54: 15000 | D54: 솜솜 | E54: 신한 | F54: 장애리 | G54: ㅇ | H54: X
A55: 011 | B55: 06102211447 | C55: 11000 | D55: 사론 | E55: 농협 | F55: 이명숙 | G55: ㅇ | H55: X
A56: 081 | B56: 20791052452207 | C56: 28000 | D56: 뿌 | E56: 하나 | F56: 이준미 | G56: ㅇ | H56: X
A57: 020 | B57: 1005303657353 | C57: 12000 | D57: 빨주노초 | E57: 우리 | F57: 정종인 | G57: ㅇ | H57: X
A58: 088 | B58: 140015691122 | C58: 18000 | D58: 브리니 | E58: 신한 | F58: ㈜브리니랩 | G58: ㅇ | H58: X
A59: 004 | B59: 34780104163197 | C59: 23000 | D59: 별대봉 | E59: 국민 | F59: ㈜투앤드컴퍼니 | G59: ㅇ | H59: X
A60: 004 | B60: 40910101299531 | C60: 65000 | D60: 버프 | E60: 국민 | F60: 박성계 | G60: ㅇ | H60: X
A61: 007 | B61: 101023843370 | C61: 917950 | D61: 밤비 | E61: 수협 | F61: ㈜밤비컴퍼니 | G61: ㅇ | H61: O
A62: 088 | B62: 110489136548 | C62: 9000 | D62: 물고기 | E62: 신한 | F62: 블랙피쉬 | G62: ㅇ | H62: X
A63: 004 | B63: 67650104033532 | C63: 23000 | D63: 무지 | E63: 국민 | F63: 고승재 | G63: ㅇ | H63: X
A64: 003 | B64: 08606410601017 | C64: 360000 | D64: 몽땅 | E64: 기업 | F64: 몽땅 김희진 | G64: ㅇ | H64: X
A65: 088 | B65: 110482827794 | C65: 14000 | D65: 몽구스 | E65: 신한 | F65: 박은주 | G65: ㅇ | H65: X
A66: 007 | B66: 101023336372 | C66: 24000 | D66: 몰핀 | E66: 수협 | F66: 이유진 | G66: ㅇ | H66: X
A67: 003 | B67: 08606419801019 | C67: 25800 | D67: 모리 | E67: 기업 | F67: 모리(송승현) | G67: ㅇ | H67: X
A68: 011 | B68: 20510651007647 | C68: 120000 | D68: 모기 | E68: 농협 | F68: 양동인 | G68: ㅇ | H68: X
... A79: 003 | B79: 41505575601011 | C79: 136000 | D79: 럽모어 | E79: 기업 | F79: 윤은지 | G79: ㅇ | H79: X
A80: 088 | B80: 110553817700 | C80: 36000 | D80: 런던프리 | E80: 신한 | F80: 오혜숙 | G80: ㅇ | H80: X
A81: 020 | B81: 1005004216321 | C81: 220000 | D81: 라라라 | E81: 우리 | F81: 차대승 | G81: ㅇ | H81: X
A82: 020 | B82: 1005304084206 | C82: 28000 | D82: 따봉 | E82: 우리 | F82: 주식회사 따봉 | G82: ㅇ | H82: X
A83: 088 | B83: 140014314677 | C83: 69000 | D83: 디티엠 | E83: 신한 | F83: ㈜위원트 | G83: ㅇ | H83: X
A84: 081 | B84: 28091001968104 | C84: 63000 | D84: 디벨롭 | E84: 하나 | F84: 주식회사 앰엔디 | G84: ㅇ | H84: X
A85: 020 | B85: 1005704817308 | C85: 10000 | D85: 두유 | E85: 우리 | F85: 주식회사 두유 | G85: ㅇ | H85: X
A86: 020 | B86: 1005784201022 | C86: 11000 | D86: 더본 | E86: 우리 | F86: 메이드본 | G86: ㅇ | H86: O
A87: 020 | B87: 1005003656847 | C87: 15000 | D87: 니트홀릭 | E87: 우리 | F87: 송병직(니트홀릭) | G87: ㅇ | H87: X
A88: 048 | B88: 134005814798 | C88: 70000 | D88: 뉴레인보우 | E88: 신협 | F88: ㈜뉴레인보우 | G88: ㅇ | H88: X
A89: 088 | B89: 100031530371 | C89: 135000 | D89: 그랑블루 | E89: 신한 | F89: ㈜그랑블루진 | G89: ㅇ | H89: X
A90: 088 | B90: 100033113780 | C90: 84000 | D90: 그랑데 | E90: 신한 | F90: 그랑데 | G90: ㅇ | H90: X
A91: 088 | B91: 34802627001 | C91: 24000 | D91: 구이공 | E91: 신한 | F91: 박영규(구이공) | G91: ㅇ | H91: x
A92: 004 | B92: 93390101228298 | C92: 18000 | D92: 브이브이브이 | E92: 국민 | F92: 권순범(브이브이브이) | G92: ㅇ | H92: X

Sheet 1월27일
A1: ㅇ | B1: ㅇ | C1: ㅇ | D1: ㅇ | E1: ㅇ | F1: ㅇ | G1: ㅇ | H1: ㅇ
A2: 020 | B2: 1005603106537 | C2: 405000 | D2: 힙블리 | E2: 우리 | F2: 오승미 | G2: ㅇ | H2: x
A3: 020 | B3: 1005403055136 | C3: 10000 | D3: 허밍마켓 | E3: 우리 | F3: 허밍마켓 | G3: ㅇ | H3: X
A4: 090 | B4: 3333289511795 | C4: 12000 | D4: 하이프 | E4: 카카오 | F4: 하이프(HYPE) | G4: ㅇ | H4: X
A5: 088 | B5: 110554774968 | C5: 18000 | D5: 하이앤땡큐 | E5: 신한 | F5: 김승현 | G5: ㅇ | H5: X
A6: 081 | B6: 17191028203607 | C6: 9000 | D6: 하이바 | E6: 하나 | F6: 김태형 | G6: ㅇ | H6: X
A7: 004 | B7: 09180104175091 | C7: 20000 | D7: 하멜 | E7: 국민 | F7: 우환균(하멜) | G7: ㅇ | H7: X
A8: 004 | B8: 79660104124093 | C8: 38000 | D8: 하루하 | E8: 국민 | F8: 하루하 | G8: ㅇ | H8: X
A9: 004 | B9: 80750104288480 | C9: 9000 | D9: 필앤마조 | E9: 국민 | F9: (주)필앤마조 | G9: ㅇ | H9: X
A10: 088 | B10: 110604500814 | C10: 35000 | D10: 피크닉 | E10: 신한 | F10: 피크닉 | G10: ㅇ | H10: X
A11: 088 | B11: 140013540787 | C11: 42000 | D11: 풀하우스 | E11: 신한 | F11: 주식회사 풀하우스컴퍼니 김기완 | G11: ㅇ | H11: X
A12: 004 | B12: 79660104121302 | C12: 21000 | D12: 푸딩 | E12: 국민 | F12: 박혜민 | G12: ㅇ | H12: X
A13: 090 | B13: 3333123250772 | C13: 18000 | D13: 포레나 | E13: 카카오 | F13: 박진성 | G13: ㅇ | H13: X
A14: 003 | B14: 01819320404015 | C14: 6600 | D14: 퍼플그레이 | E14: 기업 | F14: ㈜퍼플그레이어패럴 | G14: ㅇ | H14: O
A15: 020 | B15: 1005603272336 | C15: 36000 | D15: 트웬티 | E15: 우리 | F15: 이한숙 | G15: ㅇ | H15: X
A16: 011 | B16: 3022043205911 | C16: 37500 | D16: 투썸 | E16: 농협 | F16: 투썸 | G16: ㅇ | H16: X
A17: 003 | B17: 01212165604012 | C17: 825000 | D17: 크림베이지 | E17: 기업 | F17: 주식회사 크림베이지어패럴 | G17: ㅇ | H17: O
A18: 004 | B18: 34780104162710 | C18: 135000 | D18: 크레파스 | E18: 국민 | F18: ㈜투앤드컴퍼니 | G18: ㅇ | H18: X
A19: 081 | B19: 28491002673804 | C19: 1080200 | D19: 코디63 | E19: 하나 | F19: ㈜코디63 | G19: ㅇ | H19: O
A20: 003 | B20: 01500000197711 | C20: 175450 | D20: 케이디지 | E20: 기업 | F20: 케이디지 | G20: ㅇ | H20: O
A21: 088 | B21: 140012386934 | C21: 12000 | D21: 지엔 | E21: 신한 | F21: ㈜지엔어패럴 | G21: ㅇ | H21: X
A22: 004 | B22: 77463704004031 | C22: 31000 | D22: 줄리 | E22: 국민 | F22: ㈜쥴리 | G22: ㅇ | H22: X
A23: 020 | B23: 1005903426037 | C23: 7700 | D23: 제이덕 | E23: 우리 | F23: ㈜에이치케이더블류컴퍼니 | G23: ㅇ | H23: O
A24: 081 | B24: 28191003840204 | C24: 10000 | D24: 저기 | E24: 하나 | F24: 에브리웨어 | G24: ㅇ | H24: X
A25: 003 | B25: 08606527904019 | C25: 7000 | D25: 일프로 | E25: 기업 | F25: ㈜더일프로 | G25: ㅇ | H25: X
A26: 004 | B26: 05103704007672 | C26: 20000 | D26: 이향 | E26: 국민 | F26: 장소영 | G26: ㅇ | H26: X
A27: 081 | B27: 19991017546307 | C27: 106000 | D27: 이사벨라 | E27: 하나 | F27: 조휘호 | G27: ㅇ | H27: X
A28: 081 | B28: 27991001398304 | C28: 92000 | D28: 이고 | E28: 하나 | F28: 더원컴퍼니 | G28: ㅇ | H28: X
A29: 004 | B29: 00570104181266 | C29: 9000 | D29: 유스픽 | E29: 국민 | F29: 유성진 | G29: ㅇ | H29: X
A30: 088 | B30: 110224033860 | C30: 36000 | D30: 유리 | E30: 신한 | F30: 박성은 | G30: ㅇ | H30: X
A31: 090 | B31: 3333267395045 | C31: 12000 | D31: 유니모어 | E31: 카카오 | F31: 이석일(유니모어) | G31: ㅇ | H31: x
A32: 004 | B32: 17130104207865 | C32: 51000 | D32: 윌 | E32: 국민 | F32: 김성희(윌) | G32: ㅇ | H32: X
A33: 081 | B33: 22191002103004 | C33: 239800 | D33: 위클리 | E33: 하나 | F33: 주식회사제이와이글로벌패션그룹 | G33: ㅇ | H33: O
A34: 088 | B34: 110367521470 | C34: 1567000 | D34: 요미요미 | E34: 신한 | F34: 이정규(요미요미) | G34: ㅇ | H34: X
A35: 088 | B35: 140012598030 | C35: 18700 | D35: 오즈브릿지 | E35: 신한 | F35: ㈜오즈브릿지 | G35: ㅇ | H35: X
A36: 088 | B36: 140015691630 | C36: 13500 | D36: 오드 | E36: 신한 | F36: 주식회사 오드점 | G36: ㅇ | H36: X
A37: 088 | B37: 110555467484 | C37: 62000 | D37: 오도시 | E37: 신한 | F37: 임창현/오도시 | G37: ㅇ | H37: X
A38: 020 | B38: 1005504495386 | C38: 132000 | D38: 여기 | E38: 우리 | F38: 에브리웨어 | G38: ㅇ | H38: X
A39: 088 | B39: 110517059780 | C39: 42900 | D39: 엔초 | E39: 신한 | F39: 최훈정(엔초) | G39: ㅇ | H39: O
A40: 088 | B40: 110539887153 | C40: 149000 | D40: 안나 | E40: 신한 | F40: 김수진 | G40: ㅇ | H40: X
A41: 020 | B41: 1005203796625 | C41: 495000 | D41: 아이티 | E41: 우리 | F41: HKW컴퍼니 | G41: ㅇ | H41: X
A42: 003 | B42: 03205807001012 | C42: 70000 | D42: 아우트 | E42: 기업 | F42: 이윤아 | G42: ㅇ | H42: X
A43: 088 | B43: 110564935137 | C43: 479000 | D43: 스크램블 | E43: 신한 | F43: 스크램블 | G43: ㅇ | H43: X
... A46: 088 | B46: 140014903450 | C46: 10000 | D46: 슈퍼땅콩 | E46: 신한 | F46: 슈퍼땅콩 | G46: ㅇ | H46: X
A47: 081 | B47: 20791052452207 | C47: 16000 | D47: 뿌 | E47: 하나 | F47: 이준미 | G47: ㅇ | H47: X
A48: 020 | B48: 1005303657353 | C48: 24000 | D48: 빨주노초 | E48: 우리 | F48: 정종인 | G48: ㅇ | H48: X
A49: 004 | B49: 54690101197813 | C49: 13000 | D49: 블랑 | E49: 국민 | F49: 블랑컴퍼니 | G49: ㅇ | H49: X
A50: 004 | B50: 93390101228298 | C50: 26000 | D50: 브이브이브이 | E50: 국민 | F50: 권순범(브이브이브이) | G50: ㅇ | H50: X
A51: 088 | B51: 140015691122 | C51: 65000 | D51: 브리니 | E51: 신한 | F51: ㈜브리니랩 | G51: ㅇ | H51: X
A52: 004 | B52: 34780104163197 | C52: 23000 | D52: 별대봉 | E52: 국민 | F52: ㈜투앤드컴퍼니 | G52: ㅇ | H52: X
A53: 020 | B53: 1005404854052 | C53: 37000 | D53: 베베 | E53: 우리 | F53: ㈜베베픽 | G53: ㅇ | H53: X
A54: 007 | B54: 101023843370 | C54: 601700 | D54: 밤비 | E54: 수협 | F54: ㈜밤비컴퍼니 | G54: ㅇ | H54: O
A55: 088 | B55: 110561240073 | C55: 12000 | D55: 미니시리즈 | E55: 신한 | F55: 이윤경 | G55: ㅇ | H55: X
A56: 088 | B56: 110489136548 | C56: 9000 | D56: 물고기 | E56: 신한 | F56: 블랙피쉬 | G56: ㅇ | H56: X
A57: 088 | B57: 140013785683 | C57: 858500 | D57: 물 | E57: 신한 | F57: ㈜모아크 | G57: ㅇ | H57: X
A58: 003 | B58: 08606419801019 | C58: 12900 | D58: 모리 | E58: 기업 | F58: 모리(송승현) | G58: ㅇ | H58: X
A59: 011 | B59: 20510651007647 | C59: 432000 | D59: 모기 | E59: 농협 | F59: 양동인 | G59: ㅇ | H59: X
A60: 020 | B60: 1002237068659 | C60: 96000 | D60: 멜트 | E60: 우리 | F60: 나동수 | G60: ㅇ | H60: X
A61: 020 | B61: 1005303431898 | C61: 100000 | D61: 멜로즈 | E61: 우리 | F61: 석용창(멜로즈) | G61: ㅇ | H61: X
... A69: 003 | B69: 41505575601011 | C69: 46000 | D69: 럽모어 | E69: 기업 | F69: 윤은지 | G69: ㅇ | H69: X
A70: 020 | B70: 1005804275925 | C70: 8000 | D70: 래래 | E70: 우리 | F70: 김래영 | G70: ㅇ | H70: X
A71: 090 | B71: 3333318297630 | C71: 16000 | D71: 띵크어바웃유 | E71: 카카오 | F71: 띵크어바웃유 | G71: ㅇ | H71: x
A72: 088 | B72: 110528003890 | C72: 240000 | D72: 뚜따 | E72: 신한 | F72: 오서진(뚜따) | G72: ㅇ | H72: X
A73: 020 | B73: 1005304084206 | C73: 7000 | D73: 따봉 | E73: 우리 | F73: 주식회사 따봉 | G73: ㅇ | H73: X
A74: 088 | B74: 140014314677 | C74: 50000 | D74: 디티엠 | E74: 신한 | F74: ㈜위원트 | G74: ㅇ | H74: X
A75: 081 | B75: 28091001968104 | C75: 63000 | D75: 디벨롭 | E75: 하나 | F75: 주식회사 앰엔디 | G75: ㅇ | H75: X
A76: 020 | B76: 1005704817308 | C76: 27000 | D76: 두유 | E76: 우리 | F76: 주식회사 두유 | G76: ㅇ | H76: X
A77: 004 | B77: 80753704008339 | C77: 101000 | D77: 도레미씨 | E77: 국민 | F77: ㈜도레미씨 | G77: ㅇ | H77: X
A78: 048 | B78: 132131308376 | C78: 180000 | D78: 도드 | E78: 신협 | F78: 전여원 | G78: ㅇ | H78: X
A79: 003 | B79: 01818868201016 | C79: 12100 | D79: 더블유모즈 | E79: 기업 | F79: ㈜모즈패션 | G79: ㅇ | H79: O
A80: 020 | B80: 1005784201022 | C80: 22000 | D80: 더본 | E80: 우리 | F80: 메이드본 | G80: ㅇ | H80: O
A81: 088 | B81: 140013555127 | C81: 360000 | D81: 더메이 | E81: 신한 | F81: ㈜디우나 | G81: ㅇ | H81: X
A82: 020 | B82: 1005003656847 | C82: 13000 | D82: 니트홀릭 | E82: 우리 | F82: 송병직(니트홀릭) | G82: ㅇ | H82: X
A83: 004 | B83: 01830204098617 | C83: 16000 | D83: 늠늠 | E83: 국민 | F83: 이유미 | G83: ㅇ | H83: X
A84: 081 | B84: 15391063644307 | C84: 27000 | D84: 논제 | E84: 하나 | F84: 논제 | G84: ㅇ | H84: X
A85: 020 | B85: 1002959095655 | C85: 13000 | D85: 노브 | E85: 우리 | F85: 윤명찬 | G85: ㅇ | H85: X
A86: 020 | B86: 1005204451258 | C86: 18000 | D86: 글램 | E86: 우리 | F86: ㈜글램스토어 | G86: ㅇ | H86: X
A87: 088 | B87: 100031530371 | C87: 469000 | D87: 그랑블루 | E87: 신한 | F87: ㈜그랑블루진 | G87: ㅇ | H87: X
A88: 088 | B88: 100033113780 | C88: 7000 | D88: 그랑데 | E88: 신한 | F88: 그랑데 | G88: ㅇ | H88: X
A89: 088 | B89: 110463219951 | C89: 14000 | D89: JJ제이제이 | E89: 신한 | F89: 정연우 | G89: ㅇ | H89: X
A90: 088 | B90: 34802627001 | C90: 9000 | D90: 920(구이공) | E90: 신한 | F90: 박영규 | G90: ㅇ | H90: X
A91: 088 | B91: 110565571708 | C91: 82000 | D91: 유에이드 | E91: 신한 | F91: 유에이드(정연화) | G91: ㅇ | H91: X
A92: 003 | B92: 01212165604012 | C92: 165000 | D92: 크림베이지 | E92: 기업 | F92: 주식회사 크림베이지어패럴 | G92: ㅇ | H92: O

Sheet 1월 28일
A1: ㅇ | B1: ㅇ | C1: ㅇ | D1: ㅇ | E1: ㅇ | F1: ㅇ | G1: ㅇ | H1: ㅇ
A2: 020 | B2: 1005603106537 | C2: 24000 | D2: 힙블리 | E2: 우리 | F2: 오승미 | G2: ㅇ | H2: x
A3: 020 | B3: 1005504775443 | C3: 96000 | D3: 히피스 | E3: 우리 | F3: 이도영(히피스) | G3: ㅇ | H3: X
A4: 003 | B4: 35611228204015 | C4: 12000 | D4: 호스피텔로비 | E4: 기업 | F4: 김근량 | G4: ㅇ | H4: X
A5: 081 | B5: 17191028203607 | C5: 18000 | D5: 하이바 | E5: 하나 | F5: 김태형 | G5: ㅇ | H5: X
A6: 004 | B6: 80750104288480 | C6: 7175000 | D6: 필앤마조 | E6: 국민 | F6: (주)필앤마조 | G6: ㅇ | H6: X
A7: 088 | B7: 110604500814 | C7: 7000 | D7: 피크닉 | E7: 신한 | F7: 피크닉 | G7: ㅇ | H7: X
A8: 004 | B8: 07300104259173 | C8: 1300000 | D8: 프레쩰 | E8: 국민 | F8: 주현 | G8: ㅇ | H8: X
A9: 088 | B9: 140013540787 | C9: 70000 | D9: 풀하우스 | E9: 신한 | F9: 주식회사 풀하우스컴퍼니 김기완 | G9: ㅇ | H9: X
A10: 088 | B10: 110316175919 | C10: 120000 | D10: 페어립트 | E10: 신한 | F10: 황두환(페어립트) | G10: ㅇ | H10: X
A11: 088 | B11: 110564250069 | C11: 7000 | D11: 펀치 | E11: 신한 | F11: 양창민(펀치) | G11: ㅇ | H11: X
A12: 003 | B12: 01819320404015 | C12: 4400 | D12: 퍼플그레이 | E12: 기업 | F12: ㈜퍼플그레이어패럴 | G12: ㅇ | H12: O
A13: 020 | B13: 1005602130034 | C13: 30000 | D13: 퍼블릭 | E13: 우리 | F13: ㈜진성 | G13: ㅇ | H13: X
A14: 088 | B14: 110555436511 | C14: 200000 | D14: 파인파인 | E14: 신한 | F14: 파인파인 | G14: ㅇ | H14: X
A15: 088 | B15: 140014915730 | C15: 30000 | D15: 티오 | E15: 신한 | F15: ㈜패션컴퍼니오성 | G15: ㅇ | H15: X
A16: 011 | B16: 3022043205911 | C16: 25000 | D16: 투썸 | E16: 농협 | F16: 투썸 | G16: ㅇ | H16: X
A17: 004 | B17: 34780104162710 | C17: 99000 | D17: 크레파스 | E17: 국민 | F17: ㈜투앤드컴퍼니 | G17: ㅇ | H17: X
A18: 081 | B18: 28491002673804 | C18: 2730200 | D18: 코디63 | E18: 하나 | F18: ㈜코디63 | G18: ㅇ | H18: O
A19: 003 | B19: 01500000197711 | C19: 386650 | D19: 케이디지 | E19: 기업 | F19: 케이디지 | G19: ㅇ | H19: O
A20: 020 | B20: 1005003797667 | C20: 495000 | D20: 컴온 | E20: 우리 | F20: ㈜에이치케이더블류컴퍼니 | G20: ㅇ | H20: X
A21: 004 | B21: 59280104131903 | C21: 493000 | D21: 치퍼 | E21: 국민 | F21: 최현준(치퍼(CHIPPER)) | G21: ㅇ | H21: X
A22: 003 | B22: 50003222004019 | C22: 44000 | D22: 진머니 | E22: 기업 | F22: ㈜진머니 | G22: ㅇ | H22: O
A23: 088 | B23: 140012386934 | C23: 96000 | D23: 지엔 | E23: 신한 | F23: ㈜지엔어패럴 | G23: ㅇ | H23: X
A24: 004 | B24: 79660104099780 | C24: 30000 | D24: 제임스 | E24: 국민 | F24: ㈜더블유에이치컴퍼니 | G24: ㅇ | H24: X
A25: 081 | B25: 13502366500508 | C25: 42000 | D25: 제이케이 | E25: 하나 | F25: 김진규 | G25: ㅇ | H25: X
A26: 020 | B26: 1005704050928 | C26: 7500 | D26: 저지방 | E26: 우리 | F26: ㈜드레스코코 | G26: ㅇ | H26: X
A27: 081 | B27: 28191003840204 | C27: 8000 | D27: 저기 | E27: 하나 | F27: 에브리웨어 | G27: ㅇ | H27: X
A28: 003 | B28: 08606527904019 | C28: 49000 | D28: 일프로 | E28: 기업 | F28: ㈜더일프로 | G28: ㅇ | H28: X
A29: 004 | B29: 05103704007672 | C29: 10000 | D29: 이향 | E29: 국민 | F29: 장소영 | G29: ㅇ | H29: X
... A33: 020 | B33: 1005404565023 | C33: 22500 | D33: 유돈노미 | E33: 우리 | F33: 유돈노미 | G33: ㅇ | H33: X
A34: 090 | B34: 3333267395045 | C34: 12000 | D34: 유니모어 | E34: 카카오 | F34: 이석일(유니모어) | G34: ㅇ | H34: x
A35: 081 | B35: 22191002103004 | C35: 238700 | D35: 위클리 | E35: 하나 | F35: 주식회사제이와이글로벌패션그룹 | G35: ㅇ | H35: O
A36: 088 | B36: 140012598030 | C36: 15400 | D36: 오즈브릿지 | E36: 신한 | F36: ㈜오즈브릿지 | G36: ㅇ | H36: X
A37: 088 | B37: 140015691630 | C37: 50000 | D37: 오드 | E37: 신한 | F37: 주식회사 오드점 | G37: ㅇ | H37: X
A38: 020 | B38: 1005504495386 | C38: 22000 | D38: 여기 | E38: 우리 | F38: 에브리웨어 | G38: ㅇ | H38: X
A39: 088 | B39: 140013987091 | C39: 100000 | D39: 엣지 | E39: 신한 | F39: ㈜이디지이(EDGE) | G39: ㅇ | H39: X
A40: 088 | B40: 110425567853 | C40: 20000 | D40: 엘로즈 | E40: 신한 | F40: 이현승엘로즈 | G40: ㅇ | H40: X
A41: 088 | B41: 110539887153 | C41: 41000 | D41: 안나 | E41: 신한 | F41: 김수진 | G41: ㅇ | H41: X
A42: 020 | B42: 1005203796625 | C42: 537000 | D42: 아이티 | E42: 우리 | F42: HKW컴퍼니 | G42: ㅇ | H42: X
A43: 088 | B43: 100031465474 | C43: 28000 | D43: 아가씨 | E43: 신한 | F43: 이성현 | G43: ㅇ | H43: X
A44: 004 | B44: 50580101101956 | C44: 28000 | D44: 써니 | E44: 국민 | F44: 안주희 | G44: ㅇ | H44: x
A45: 088 | B45: 110564935137 | C45: 58000 | D45: 스크램블 | E45: 신한 | F45: 스크램블 | G45: ㅇ | H45: X
A46: 081 | B46: 38891000310908 | C46: 212000 | D46: 슈퍼스타 | E46: 하나 | F46: 김학영 | G46: ㅇ | H46: X
A47: 003 | B47: 02909026804017 | C47: 198000 | D47: 슈퍼마켓 | E47: 기업 | F47: 슈퍼마켓(송재진) | G47: ㅇ | H47: X
A48: 023 | B48: 16120307428 | C48: 13000 | D48: 수앤수 | E48: SC | F48: 김혜숙 | G48: ㅇ | H48: X
A49: 081 | B49: 20791052452207 | C49: 16000 | D49: 뿌 | E49: 하나 | F49: 이준미 | G49: ㅇ | H49: X
A50: 088 | B50: 140015691122 | C50: 33000 | D50: 브리니 | E50: 신한 | F50: ㈜브리니랩 | G50: ㅇ | H50: X
A51: 007 | B51: 101023843370 | C51: 690250 | D51: 밤비 | E51: 수협 | F51: ㈜밤비컴퍼니 | G51: ㅇ | H51: O
A52: 088 | B52: 140013785683 | C52: 33000 | D52: 물 | E52: 신한 | F52: ㈜모아크 | G52: ㅇ | H52: X
A53: 004 | B53: 67650104033532 | C53: 64000 | D53: 무지 | E53: 국민 | F53: 고승재 | G53: ㅇ | H53: X
A54: 007 | B54: 101023336372 | C54: 48000 | D54: 몰핀 | E54: 수협 | F54: 이유진 | G54: ㅇ | H54: X
A55: 020 | B55: 1002237068659 | C55: 9000 | D55: 멜트 | E55: 우리 | F55: 나동수 | G55: ㅇ | H55: X
A56: 088 | B56: 140013234096 | C56: 653000 | D56: 메이비 | E56: 신한 | F56: ㈜메이비컴퍼니 | G56: ㅇ | H56: X
A57: 020 | B57: 1005902745135 | C57: 76000 | D57: 멋쟁이 | E57: 우리 | F57: 김덕영 | G57: ㅇ | H57: X
A58: 003 | B58: 02314297601014 | C58: 14850 | D58: 마젠타 | E58: 기업 | F58: ㈜마젠타어패럴그룹 | G58: ㅇ | H58: O
A59: 003 | B59: 91702676804019 | C59: 206250 | D59: 리자드스탠다드 | E59: 기업 | F59: 리자드스탠다드 | G59: ㅇ | H59: O
A60: 088 | B60: 140015690682 | C60: 24200 | D60: 리디아 | E60: 신한 | F60: ㈜리디아컴퍼니 | G60: ㅇ | H60: O
A61: 004 | B61: 80750104295929 | C61: 16000 | D61: 루프 | E61: 국민 | F61: 박은혜루프 | G61: ㅇ | H61: X
A62: 090 | B62: 3333075429507 | C62: 19000 | D62: 로쏘 | E62: 카카오 | F62: 윤주영 | G62: ㅇ | H62: X
A63: 004 | B63: 41430101172768 | C63: 55000 | D63: 레인우드 | E63: 국민 | F63: 라브레아(김혜림) | G63: ㅇ | H63: X
A64: 003 | B64: 41505575601011 | C64: 33000 | D64: 럽모어 | E64: 기업 | F64: 윤은지 | G64: ㅇ | H64: X
A65: 020 | B65: 1005004216321 | C65: 11000 | D65: 라라라 | E65: 우리 | F65: 차대승 | G65: ㅇ | H65: X
A66: 088 | B66: 110528003890 | C66: 12000 | D66: 뚜따 | E66: 신한 | F66: 오서진(뚜따) | G66: ㅇ | H66: X
A67: 020 | B67: 1005304084206 | C67: 504000 | D67: 따봉 | E67: 우리 | F67: 주식회사 따봉 | G67: ㅇ | H67: X
A68: 088 | B68: 140014314677 | C68: 47000 | D68: 디티엠 | E68: 신한 | F68: ㈜위원트 | G68: ㅇ | H68: X
A69: 088 | B69: 140013719007 | C69: 10000 | D69: 디어 | E69: 신한 | F69: ㈜패션컴퍼니오성 | G69: ㅇ | H69: X
A70: 081 | B70: 28091001968104 | C70: 42000 | D70: 디벨롭 | E70: 하나 | F70: 주식회사 앰엔디 | G70: ㅇ | H70: X
A71: 020 | B71: 1005704817308 | C71: 8000 | D71: 두유 | E71: 우리 | F71: 주식회사 두유 | G71: ㅇ | H71: X
A72: 004 | B72: 80753704008339 | C72: 61000 | D72: 도레미씨 | E72: 국민 | F72: ㈜도레미씨 | G72: ㅇ | H72: X
A73: 004 | B73: 80753704010170 | C73: 12000 | D73: 더포르투나 | E73: 국민 | F73: ㈜더포르투나 | G73: ㅇ | H73: X
A74: 020 | B74: 1005784201022 | C74: 16500 | D74: 더본 | E74: 우리 | F74: 메이드본 | G74: ㅇ | H74: O
A75: 020 | B75: 1005003656847 | C75: 2000 | D75: 니트홀릭 | E75: 우리 | F75: 송병직(니트홀릭) | G75: ㅇ | H75: X
A76: 048 | B76: 134005814798 | C76: 14000 | D76: 뉴레인보우 | E76: 신협 | F76: ㈜뉴레인보우 | G76: ㅇ | H76: X
A77: 020 | B77: 1005204451258 | C77: 9000 | D77: 글램 | E77: 우리 | F77: ㈜글램스토어 | G77: ㅇ | H77: X
A78: 088 | B78: 100031530371 | C78: 29000 | D78: 그랑블루 | E78: 신한 | F78: ㈜그랑블루진 | G78: ㅇ | H78: X
A79: 088 | B79: 100033113780 | C79: 42000 | D79: 그랑데 | E79: 신한 | F79: 그랑데 | G79: ㅇ | H79: X
A80: 088 | B80: 34802627001 | C80: 92000 | D80: 구이공 | E80: 신한 | F80: 박영규(구이공) | G80: ㅇ | H80: x
A81: 004 | B81: 77460104250367 | C81: 2200000 | D81: 심플 | E81: 국민 | F81: 김현아(심플) | G81: ㅇ | H81: X

Sheet 1월 29일
A1: ㅇ | B1: ㅇ | C1: ㅇ | D1: ㅇ | E1: ㅇ | F1: ㅇ | G1: ㅇ | H1: ㅇ
A2: 081 | B2: 17191028203607 | C2: 18000 | D2: 하이바 | E2: 하나 | F2: 김태형 | G2: ㅇ | H2: X
A3: 004 | B3: 80750104288480 | C3: 8815000 | D3: 필앤마조 | E3: 국민 | F3: (주)필앤마조 | G3: ㅇ | H3: X
A4: 004 | B4: 80750104288480 | C4: 2870000 | D4: 필앤마조 | E4: 국민 | F4: (주)필앤마조 | G4: ㅇ | H4: X
A5: 088 | B5: 110604500814 | C5: 7000 | D5: 피크닉 | E5: 신한 | F5: 피크닉 | G5: ㅇ | H5: X
A6: 088 | B6: 140013540787 | C6: 28000 | D6: 풀하우스 | E6: 신한 | F6: 주식회사 풀하우스컴퍼니 김기완 | G6: ㅇ | H6: X
A7: 004 | B7: 79660104121302 | C7: 7000 | D7: 푸딩 | E7: 국민 | F7: 박혜민 | G7: ㅇ | H7: X
A8: 090 | B8: 3333123250772 | C8: 99000 | D8: 포레나 | E8: 카카오 | F8: 박진성 | G8: ㅇ | H8: X
A9: 088 | B9: 110316175919 | C9: 48000 | D9: 페어립트 | E9: 신한 | F9: 황두환(페어립트) | G9: ㅇ | H9: X
A10: 088 | B10: 110564250069 | C10: 7000 | D10: 펀치 | E10: 신한 | F10: 양창민(펀치) | G10: ㅇ | H10: X
A11: 003 | B11: 01819320404015 | C11: 4400 | D11: 퍼플그레이 | E11: 기업 | F11: ㈜퍼플그레이어패럴 | G11: ㅇ | H11: O
A12: 088 | B12: 110555436511 | C12: 26000 | D12: 파인파인 | E12: 신한 | F12: 파인파인 | G12: ㅇ | H12: X
A13: 088 | B13: 140014915730 | C13: 312000 | D13: 티오 | E13: 신한 | F13: ㈜패션컴퍼니오성 | G13: ㅇ | H13: X
A14: 020 | B14: 1005603272336 | C14: 12000 | D14: 트웬티 | E14: 우리 | F14: 이한숙 | G14: ㅇ | H14: X
A15: 004 | B15: 34780104162710 | C15: 42000 | D15: 크레파스 | E15: 국민 | F15: ㈜투앤드컴퍼니 | G15: ㅇ | H15: X
A16: 003 | B16: 01500000197711 | C16: 234300 | D16: 케이디지 | E16: 기업 | F16: 케이디지 | G16: ㅇ | H16: O
A17: 004 | B17: 59280104131903 | C17: 22000 | D17: 치퍼 | E17: 국민 | F17: 최현준(치퍼(CHIPPER)) | G17: ㅇ | H17: X
A18: 003 | B18: 01211719604010 | C18: 9000 | D18: 주식회사티야 | E18: 기업 | F18: 주식회사 티야 | G18: ㅇ | H18: x
A19: 081 | B19: 13502366500508 | C19: 21000 | D19: 제이케이 | E19: 하나 | F19: 김진규 | G19: ㅇ | H19: X
A20: 004 | B20: 09340104281400 | C20: 102000 | D20: 제이원 | E20: 국민 | F20: 이경목(제이원) | G20: ㅇ | H20: X
... A25: 081 | B25: 39091033424807 | C25: 12000 | D25: 유스 | E25: 하나 | F25: 최민준(유스) | G25: ㅇ | H25: X
A26: 090 | B26: 3333267395045 | C26: 12000 | D26: 유니모어 | E26: 카카오 | F26: 이석일(유니모어) | G26: ㅇ | H26: x
A27: 081 | B27: 22191002103004 | C27: 325600 | D27: 위클리 | E27: 하나 | F27: 주식회사제이와이글로벌패션그룹 | G27: ㅇ | H27: O
A28: 088 | B28: 110367521470 | C28: 1301000 | D28: 요미요미 | E28: 신한 | F28: 이정규(요미요미) | G28: ㅇ | H28: X
A29: 088 | B29: 110474414886 | C29: 19000 | D29: 와이파이 | E29: 신한 | F29: 김예근(WIFI) | G29: ㅇ | H29: X
A30: 004 | B30: 05070104126403 | C30: 24000 | D30: 옥수수 | E30: 국민 | F30: 김민식 | G30: ㅇ | H30: X
A31: 088 | B31: 140012598030 | C31: 20350 | D31: 오즈브릿지 | E31: 신한 | F31: ㈜오즈브릿지 | G31: ㅇ | H31: X
A32: 088 | B32: 140015691630 | C32: 49000 | D32: 오드 | E32: 신한 | F32: 주식회사 오드점 | G32: ㅇ | H32: X
A33: 003 | B33: 20107648001016 | C33: 15000 | D33: 옐로우 | E33: 기업 | F33: 옐로우이엔엠 주식회사 | G33: ㅇ | H33: X
A34: 020 | B34: 1005504495386 | C34: 32000 | D34: 여기 | E34: 우리 | F34: 에브리웨어 | G34: ㅇ | H34: X
A35: 088 | B35: 140013987091 | C35: 12000 | D35: 엣지 | E35: 신한 | F35: ㈜이디지이(EDGE) | G35: ㅇ | H35: X
A36: 020 | B36: 1005804294993 | C36: 9000 | D36: 얼리모닝 | E36: 우리 | F36: 백승갑 | G36: ㅇ | H36: X
A37: 088 | B37: 110539887153 | C37: 164000 | D37: 안나 | E37: 신한 | F37: 김수진 | G37: ㅇ | H37: X
A38: 004 | B38: 40913701004859 | C38: 10000 | D38: 아페리얼 | E38: 국민 | F38: ㈜아페리얼 | G38: ㅇ | H38: X
A39: 020 | B39: 1005203796625 | C39: 658000 | D39: 아이티 | E39: 우리 | F39: HKW컴퍼니 | G39: ㅇ | H39: X
A40: 088 | B40: 110564935137 | C40: 10000 | D40: 스크램블 | E40: 신한 | F40: 스크램블 | G40: ㅇ | H40: X
A41: 081 | B41: 38891000310908 | C41: 183000 | D41: 슈퍼스타 | E41: 하나 | F41: 김학영 | G41: ㅇ | H41: X
A42: 088 | B42: 140014903450 | C42: 27000 | D42: 슈퍼땅콩 | E42: 신한 | F42: 슈퍼땅콩 | G42: ㅇ | H42: X
A43: 088 | B43: 110196330916 | C43: 15000 | D43: 솜솜 | E43: 신한 | F43: 장애리 | G43: ㅇ | H43: X
A44: 081 | B44: 20791052452207 | C44: 40000 | D44: 뿌 | E44: 하나 | F44: 이준미 | G44: ㅇ | H44: X
A45: 088 | B45: 140015691122 | C45: 26000 | D45: 브리니 | E45: 신한 | F45: ㈜브리니랩 | G45: ㅇ | H45: X
A46: 020 | B46: 1005404854052 | C46: 7000 | D46: 베베 | E46: 우리 | F46: ㈜베베픽 | G46: ㅇ | H46: X
A47: 004 | B47: 40910101299531 | C47: 65000 | D47: 버프 | E47: 국민 | F47: 박성계 | G47: ㅇ | H47: X
A48: 088 | B48: 110563422772 | C48: 7000 | D48: 배배 | E48: 신한 | F48: 배문주 | G48: ㅇ | H48: X
A49: 007 | B49: 101023843370 | C49: 1142900 | D49: 밤비 | E49: 수협 | F49: ㈜밤비컴퍼니 | G49: ㅇ | H49: O
A50: 088 | B50: 140013785683 | C50: 21500 | D50: 물 | E50: 신한 | F50: ㈜모아크 | G50: ㅇ | H50: X
A51: 004 | B51: 67650104033532 | C51: 48000 | D51: 무지 | E51: 국민 | F51: 고승재 | G51: ㅇ | H51: X
A52: 007 | B52: 101023336372 | C52: 48000 | D52: 몰핀 | E52: 수협 | F52: 이유진 | G52: ㅇ | H52: X
A53: 020 | B53: 1005303431898 | C53: 50000 | D53: 멜로즈 | E53: 우리 | F53: 석용창(멜로즈) | G53: ㅇ | H53: X
A54: 020 | B54: 1005902745135 | C54: 68000 | D54: 멋쟁이 | E54: 우리 | F54: 김덕영 | G54: ㅇ | H54: X
A55: 003 | B55: 91702676804019 | C55: 371800 | D55: 리자드스탠다드 | E55: 기업 | F55: 리자드스탠다드 | G55: ㅇ | H55: O
A56: 088 | B56: 140015690682 | C56: 39600 | D56: 리디아 | E56: 신한 | F56: ㈜리디아컴퍼니 | G56: ㅇ | H56: O
... A58: 003 | B58: 41505575601011 | C58: 19000 | D58: 럽모어 | E58: 기업 | F58: 윤은지 | G58: ㅇ | H58: X
A59: 088 | B59: 110553817700 | C59: 36000 | D59: 런던프리 | E59: 신한 | F59: 오혜숙 | G59: ㅇ | H59: X
A60: 088 | B60: 110553817700 | C60: 18000 | D60: 런던프리 | E60: 신한 | F60: 오혜숙 | G60: ㅇ | H60: X
A61: 020 | B61: 1005004216321 | C61: 11000 | D61: 라라라 | E61: 우리 | F61: 차대승 | G61: ㅇ | H61: X
A62: 088 | B62: 110528003890 | C62: 60000 | D62: 뚜따 | E62: 신한 | F62: 오서진(뚜따) | G62: ㅇ | H62: X
A63: 020 | B63: 1005304084206 | C63: 30000 | D63: 따봉 | E63: 우리 | F63: 주식회사 따봉 | G63: ㅇ | H63: X
A64: 088 | B64: 140014314677 | C64: 145000 | D64: 디티엠 | E64: 신한 | F64: ㈜위원트 | G64: ㅇ | H64: X
A65: 020 | B65: 1005704817308 | C65: 10000 | D65: 두유 | E65: 우리 | F65: 주식회사 두유 | G65: ㅇ | H65: X
A66: 004 | B66: 80753704010170 | C66: 2300000 | D66: 더포르투나 | E66: 국민 | F66: ㈜더포르투나 | G66: ㅇ | H66: X
A67: 020 | B67: 1005784201022 | C67: 11000 | D67: 더본 | E67: 우리 | F67: 메이드본 | G67: ㅇ | H67: O
A68: 048 | B68: 134005814798 | C68: 26000 | D68: 뉴레인보우 | E68: 신협 | F68: ㈜뉴레인보우 | G68: ㅇ | H68: X
A69: 088 | B69: 100031530371 | C69: 286000 | D69: 그랑블루 | E69: 신한 | F69: ㈜그랑블루진 | G69: ㅇ | H69: X
A70: 088 | B70: 100033113780 | C70: 4000 | D70: 그랑데 | E70: 신한 | F70: 그랑데 | G70: ㅇ | H70: X
A71: 088 | B71: 34802627001 | C71: 40000 | D71: 구이공 | E71: 신한 | F71: 박영규(구이공) | G71: ㅇ | H71: x
A72: 004 | B72: 01830104233866 | C72: 18700 | D72: 계란속노른자 | E72: 국민 | F72: 김재영 | G72: ㅇ | H72: O

Sheet 1월 30일
A1: ㅇ | B1: ㅇ | C1: ㅇ | D1: ㅇ | E1: ㅇ | F1: ㅇ | G1: ㅇ | H1: ㅇ
A2: {=INDEX(은행코드!$B$1:$B$24,MATCH(E2,은행코드!$A$1:$A$24,0),0)} -> 020 | B2: {=INDEX(Sheet1!$B$2:$B$9999,MATCH(D2,Sheet1!$D$2:$D$9999,0),0)} -> 1005504775443 | C2: 96000 | D2: 히피스 | E2: {=INDEX(Sheet1!$E$2:$E$9999,MATCH(D2,Sheet1!$D$2:$D$9999,0),0)} -> 우리 | F2: {=INDEX(Sheet1!$F$2:$F$9999,MATCH(D2,Sheet1!$D$2:$D$9999,0),0)} -> 이도영(히피스) | G2: ㅇ | H2: {=INDEX(Sheet1!$H$2:$H$9999,MATCH(D2,Sheet1!$D$2:$D$9999,0),0)} -> X
A3: {=INDEX(은행코드!$B$1:$B$24,MATCH(E3,은행코드!$A$1:$A$24,0),0)} -> 020 | B3: {=INDEX(Sheet1!$B$2:$B$9999,MATCH(D3,Sheet1!$D$2:$D$9999,0),0)} -> 1005804834765 | C3: 9000 | D3: 홈런 | E3: {=INDEX(Sheet1!$E$2:$E$9999,MATCH(D3,Sheet1!$D$2:$D$9999,0),0)} -> 우리 | F3: {=INDEX(Sheet1!$F$2:$F$9999,MATCH(D3,Sheet1!$D$2:$D$9999,0),0)} -> ㈜플레이 홈런 | G3: ㅇ | H3: {=INDEX(Sheet1!$H$2:$H$9999,MATCH(D3,Sheet1!$D$2:$D$9999,0),0)} -> X
A4: {=INDEX(은행코드!$B$1:$B$24,MATCH(E4,은행코드!$A$1:$A$24,0),0)} -> 090 | B4: {=INDEX(Sheet1!$B$2:$B$9999,MATCH(D4,Sheet1!$D$2:$D$9999,0),0)} -> 3333289511795 | C4: 116000 | D4: 하이프 | E4: {=INDEX(Sheet1!$E$2:$E$9999,MATCH(D4,Sheet1!$D$2:$D$9999,0),0)} -> 카카오 | F4: {=INDEX(Sheet1!$F$2:$F$9999,MATCH(D4,Sheet1!$D$2:$D$9999,0),0)} -> 하이프(HYPE) | G4: ㅇ | H4: {=INDEX(Sheet1!$H$2:$H$9999,MATCH(D4,Sheet1!$D$2:$D$9999,0),0)} -> X
A5: {=INDEX(은행코드!$B$1:$B$24,MATCH(E5,은행코드!$A$1:$A$24,0),0)} -> 088 | B5: {=INDEX(Sheet1!$B$2:$B$9999,MATCH(D5,Sheet1!$D$2:$D$9999,0),0)} -> 110554774968 | C5: 36000 | D5: 하이앤땡큐 | E5: {=INDEX(Sheet1!$E$2:$E$9999,MATCH(D5,Sheet1!$D$2:$D$9999,0),0)} -> 신한 | F5: {=INDEX(Sheet1!$F$2:$F$9999,MATCH(D5,Sheet1!$D$2:$D$9999,0),0)} -> 김승현 | G5: ㅇ | H5: {=INDEX(Sheet1!$H$2:$H$9999,MATCH(D5,Sheet1!$D$2:$D$9999,0),0)} -> X
A6: {=INDEX(은행코드!$B$1:$B$24,MATCH(E6,은행코드!$A$1:$A$24,0),0)} -> 081 | B6: {=INDEX(Sheet1!$B$2:$B$9999,MATCH(D6,Sheet1!$D$2:$D$9999,0),0)} -> 17191028203607 | C6: 54000 | D6: 하이바 | E6: {=INDEX(Sheet1!$E$2:$E$9999,MATCH(D6,Sheet1!$D$2:$D$9999,0),0)} -> 하나 | F6: {=INDEX(Sheet1!$F$2:$F$9999,MATCH(D6,Sheet1!$D$2:$D$9999,0),0)} -> 김태형 | G6: ㅇ | H6: {=INDEX(Sheet1!$H$2:$H$9999,MATCH(D6,Sheet1!$D$2:$D$9999,0),0)} -> X
A7: {=INDEX(은행코드!$B$1:$B$24,MATCH(E7,은행코드!$A$1:$A$24,0),0)} -> 004 | B7: {=INDEX(Sheet1!$B$2:$B$9999,MATCH(D7,Sheet1!$D$2:$D$9999,0),0)} -> 80750104288480 | C7: 20500 | D7: 필앤마조 | E7: {=INDEX(Sheet1!$E$2:$E$9999,MATCH(D7,Sheet1!$D$2:$D$9999,0),0)} -> 국민 | F7: {=INDEX(Sheet1!$F$2:$F$9999,MATCH(D7,Sheet1!$D$2:$D$9999,0),0)} -> (주)필앤마조 | G7: ㅇ | H7: {=INDEX(Sheet1!$H$2:$H$9999,MATCH(D7,Sheet1!$D$2:$D$9999,0),0)} -> X
A8: {=INDEX(은행코드!$B$1:$B$24,MATCH(E8,은행코드!$A$1:$A$24,0),0)} -> 004 | B8: {=INDEX(Sheet1!$B$2:$B$9999,MATCH(D8,Sheet1!$D$2:$D$9999,0),0)} -> 07300104259173 | C8: 208000 | D8: 프레쩰 | E8: {=INDEX(Sheet1!$E$2:$E$9999,MATCH(D8,Sheet1!$D$2:$D$9999,0),0)} -> 국민 | F8: {=INDEX(Sheet1!$F$2:$F$9999,MATCH(D8,Sheet1!$D$2:$D$9999,0),0)} -> 주현 | G8: ㅇ | H8: {=INDEX(Sheet1!$H$2:$H$9999,MATCH(D8,Sheet1!$D$2:$D$9999,0),0)} -> X
A9: {=INDEX(은행코드!$B$1:$B$24,MATCH(E9,은행코드!$A$1:$A$24,0),0)} -> 003 | B9: {=INDEX(Sheet1!$B$2:$B$9999,MATCH(D9,Sheet1!$D$2:$D$9999,0),0)} -> 01819320404015 | C9: 31350 | D9: 퍼플그레이 | E9: {=INDEX(Sheet1!$E$2:$E$9999,MATCH(D9,Sheet1!$D$2:$D$9999,0),0)} -> 기업 | F9: {=INDEX(Sheet1!$F$2:$F$9999,MATCH(D9,Sheet1!$D$2:$D$9999,0),0)} -> ㈜퍼플그레이어패럴 | G9: ㅇ | H9: {=INDEX(Sheet1!$H$2:$H$9999,MATCH(D9,Sheet1!$D$2:$D$9999,0),0)} -> O
A10: {=INDEX(은행코드!$B$1:$B$24,MATCH(E10,은행코드!$A$1:$A$24,0),0)} -> 088 | B10: {=INDEX(Sheet1!$B$2:$B$9999,MATCH(D10,Sheet1!$D$2:$D$9999,0),0)} -> 110555436511 | C10: 50000 | D10: 파인파인 | E10: {=INDEX(Sheet1!$E$2:$E$9999,MATCH(D10,Sheet1!$D$2:$D$9999,0),0)} -> 신한 | F10: {=INDEX(Sheet1!$F$2:$F$9999,MATCH(D10,Sheet1!$D$2:$D$9999,0),0)} -> 파인파인 | G10: ㅇ | H10: {=INDEX(Sheet1!$H$2:$H$9999,MATCH(D10,Sheet1!$D$2:$D$9999,0),0)} -> X
A11: {=INDEX(은행코드!$B$1:$B$24,MATCH(E11,은행코드!$A$1:$A$24,0),0)} -> 088 | B11: {=INDEX(Sheet1!$B$2:$B$9999,MATCH(D11,Sheet1!$D$2:$D$9999,0),0)} -> 140014915730 | C11: 306000 | D11: 티오 | E11: {=INDEX(Sheet1!$E$2:$E$9999,MATCH(D11,Sheet1!$D$2:$D$9999,0),0)} -> 신한 | F11: {=INDEX(Sheet1!$F$2:$F$9999,MATCH(D11,Sheet1!$D$2:$D$9999,0),0)} -> ㈜패션컴퍼니오성 | G11: ㅇ | H11: {=INDEX(Sheet1!$H$2:$H$9999,MATCH(D11,Sheet1!$D$2:$D$9999,0),0)} -> X
A12: {=INDEX(은행코드!$B$1:$B$24,MATCH(E12,은행코드!$A$1:$A$24,0),0)} -> 011 | B12: {=INDEX(Sheet1!$B$2:$B$9999,MATCH(D12,Sheet1!$D$2:$D$9999,0),0)} -> 3022043205911 | C12: 62500 | D12: 투썸 | E12: {=INDEX(Sheet1!$E$2:$E$9999,MATCH(D12,Sheet1!$D$2:$D$9999,0),0)} -> 농협 | F12: {=INDEX(Sheet1!$F$2:$F$9999,MATCH(D12,Sheet1!$D$2:$D$9999,0),0)} -> 투썸 | G12: ㅇ | H12: {=INDEX(Sheet1!$H$2:$H$9999,MATCH(D12,Sheet1!$D$2:$D$9999,0),0)} -> X
A13: {=INDEX(은행코드!$B$1:$B$24,MATCH(E13,은행코드!$A$1:$A$24,0),0)} -> 003 | B13: {=INDEX(Sheet1!$B$2:$B$9999,MATCH(D13,Sheet1!$D$2:$D$9999,0),0)} -> 01212165604012 | C13: 371250 | D13: 크림베이지 | E13: {=INDEX(Sheet1!$E$2:$E$9999,MATCH(D13,Sheet1!$D$2:$D$9999,0),0)} -> 기업 | F13: {=INDEX(Sheet1!$F$2:$F$9999,MATCH(D13,Sheet1!$D$2:$D$9999,0),0)} -> 주식회사 크림베이지어패럴 | G13: ㅇ | H13: {=INDEX(Sheet1!$H$2:$H$9999,MATCH(D13,Sheet1!$D$2:$D$9999,0),0)} -> O
... A58: {=INDEX(은행코드!$B$1:$B$24,MATCH(E58,은행코드!$A$1:$A$24,0),0)} -> 020 | B58: {=INDEX(Sheet1!$B$2:$B$9999,MATCH(D58,Sheet1!$D$2:$D$9999,0),0)} -> 1005902745135 | C58: 37000 | D58: 멋쟁이 | E58: {=INDEX(Sheet1!$E$2:$E$9999,MATCH(D58,Sheet1!$D$2:$D$9999,0),0)} -> 우리 | F58: {=INDEX(Sheet1!$F$2:$F$9999,MATCH(D58,Sheet1!$D$2:$D$9999,0),0)} -> 김덕영 | G58: ㅇ | H58: {=INDEX(Sheet1!$H$2:$H$9999,MATCH(D58,Sheet1!$D$2:$D$9999,0),0)} -> X
A59: {=INDEX(은행코드!$B$1:$B$24,MATCH(E59,은행코드!$A$1:$A$24,0),0)} -> 088 | B59: 140012077981 | C59: 5000 | D59: 마이티 | E59: 신한 | F59: ㈜마이마이티 | G59: ㅇ | H59: X
A60: {=INDEX(은행코드!$B$1:$B$24,MATCH(E60,은행코드!$A$1:$A$24,0),0)} -> 003 | B60: {=INDEX(Sheet1!$B$2:$B$9999,MATCH(D60,Sheet1!$D$2:$D$9999,0),0)} -> 91702676804019 | C60: 474650 | D60: 리자드스탠다드 | E60: {=INDEX(Sheet1!$E$2:$E$9999,MATCH(D60,Sheet1!$D$2:$D$9999,0),0)} -> 기업 | F60: {=INDEX(Sheet1!$F$2:$F$9999,MATCH(D60,Sheet1!$D$2:$D$9999,0),0)} -> 리자드스탠다드 | G60: ㅇ | H60: {=INDEX(Sheet1!$H$2:$H$9999,MATCH(D60,Sheet1!$D$2:$D$9999,0),0)} -> O
A61: {=INDEX(은행코드!$B$1:$B$24,MATCH(E61,은행코드!$A$1:$A$24,0),0)} -> 088 | B61: {=INDEX(Sheet1!$B$2:$B$9999,MATCH(D61,Sheet1!$D$2:$D$9999,0),0)} -> 140015690682 | C61: 18150 | D61: 리디아 | E61: {=INDEX(Sheet1!$E$2:$E$9999,MATCH(D61,Sheet1!$D$2:$D$9999,0),0)} -> 신한 | F61: {=INDEX(Sheet1!$F$2:$F$9999,MATCH(D61,Sheet1!$D$2:$D$9999,0),0)} -> ㈜리디아컴퍼니 | G61: ㅇ | H61: {=INDEX(Sheet1!$H$2:$H$9999,MATCH(D61,Sheet1!$D$2:$D$9999,0),0)} -> O
A62: {=INDEX(은행코드!$B$1:$B$24,MATCH(E62,은행코드!$A$1:$A$24,0),0)} -> 004 | B62: {=INDEX(Sheet1!$B$2:$B$9999,MATCH(D62,Sheet1!$D$2:$D$9999,0),0)} -> 03610104060011 | C62: 36000 | D62: 루나 | E62: {=INDEX(Sheet1!$E$2:$E$9999,MATCH(D62,Sheet1!$D$2:$D$9999,0),0)} -> 국민 | F62: {=INDEX(Sheet1!$F$2:$F$9999,MATCH(D62,Sheet1!$D$2:$D$9999,0),0)} -> 강승모 | G62: ㅇ | H62: {=INDEX(Sheet1!$H$2:$H$9999,MATCH(D62,Sheet1!$D$2:$D$9999,0),0)} -> X
A63: {=INDEX(은행코드!$B$1:$B$24,MATCH(E63,은행코드!$A$1:$A$24,0),0)} -> 003 | B63: {=INDEX(Sheet1!$B$2:$B$9999,MATCH(D63,Sheet1!$D$2:$D$9999,0),0)} -> 41505575601011 | C63: 36000 | D63: 럽모어 | E63: {=INDEX(Sheet1!$E$2:$E$9999,MATCH(D63,Sheet1!$D$2:$D$9999,0),0)} -> 기업 | F63: {=INDEX(Sheet1!$F$2:$F$9999,MATCH(D63,Sheet1!$D$2:$D$9999,0),0)} -> 윤은지 | G63: ㅇ | H63: {=INDEX(Sheet1!$H$2:$H$9999,MATCH(D63,Sheet1!$D$2:$D$9999,0),0)} -> X
A64: {=INDEX(은행코드!$B$1:$B$24,MATCH(E64,은행코드!$A$1:$A$24,0),0)} -> 020 | B64: {=INDEX(Sheet1!$B$2:$B$9999,MATCH(D64,Sheet1!$D$2:$D$9999,0),0)} -> 1005304084206 | C64: 13000 | D64: 따봉 | E64: {=INDEX(Sheet1!$E$2:$E$9999,MATCH(D64,Sheet1!$D$2:$D$9999,0),0)} -> 우리 | F64: {=INDEX(Sheet1!$F$2:$F$9999,MATCH(D64,Sheet1!$D$2:$D$9999,0),0)} -> 주식회사 따봉 | G64: ㅇ | H64: {=INDEX(Sheet1!$H$2:$H$9999,MATCH(D64,Sheet1!$D$2:$D$9999,0),0)} -> X
A65: {=INDEX(은행코드!$B$1:$B$24,MATCH(E65,은행코드!$A$1:$A$24,0),0)} -> 088 | B65: {=INDEX(Sheet1!$B$2:$B$9999,MATCH(D65,Sheet1!$D$2:$D$9999,0),0)} -> 140014314677 | C65: 48000 | D65: 디티엠 | E65: {=INDEX(Sheet1!$E$2:$E$9999,MATCH(D65,Sheet1!$D$2:$D$9999,0),0)} -> 신한 | F65: {=INDEX(Sheet1!$F$2:$F$9999,MATCH(D65,Sheet1!$D$2:$D$9999,0),0)} -> ㈜위원트 | G65: ㅇ | H65: {=INDEX(Sheet1!$H$2:$H$9999,MATCH(D65,Sheet1!$D$2:$D$9999,0),0)} -> X
A66: {=INDEX(은행코드!$B$1:$B$24,MATCH(E66,은행코드!$A$1:$A$24,0),0)} -> 088 | B66: {=INDEX(Sheet1!$B$2:$B$9999,MATCH(D66,Sheet1!$D$2:$D$9999,0),0)} -> 140013719007 | C66: 10000 | D66: 디어 | E66: {=INDEX(Sheet1!$E$2:$E$9999,MATCH(D66,Sheet1!$D$2:$D$9999,0),0)} -> 신한 | F66: {=INDEX(Sheet1!$F$2:$F$9999,MATCH(D66,Sheet1!$D$2:$D$9999,0),0)} -> ㈜패션컴퍼니오성 | G66: ㅇ | H66: {=INDEX(Sheet1!$H$2:$H$9999,MATCH(D66,Sheet1!$D$2:$D$9999,0),0)} -> X
A67: {=INDEX(은행코드!$B$1:$B$24,MATCH(E67,은행코드!$A$1:$A$24,0),0)} -> 081 | B67: {=INDEX(Sheet1!$B$2:$B$9999,MATCH(D67,Sheet1!$D$2:$D$9999,0),0)} -> 28091001968104 | C67: 44000 | D67: 디벨롭 | E67: {=INDEX(Sheet1!$E$2:$E$9999,MATCH(D67,Sheet1!$D$2:$D$9999,0),0)} -> 하나 | F67: {=INDEX(Sheet1!$F$2:$F$9999,MATCH(D67,Sheet1!$D$2:$D$9999,0),0)} -> 주식회사 앰엔디 | G67: ㅇ | H67: {=INDEX(Sheet1!$H$2:$H$9999,MATCH(D67,Sheet1!$D$2:$D$9999,0),0)} -> X
A68: {=INDEX(은행코드!$B$1:$B$24,MATCH(E68,은행코드!$A$1:$A$24,0),0)} -> 004 | B68: {=INDEX(Sheet1!$B$2:$B$9999,MATCH(D68,Sheet1!$D$2:$D$9999,0),0)} -> 80753704011432 | C68: 18000 | D68: 디반 | E68: {=INDEX(Sheet1!$E$2:$E$9999,MATCH(D68,Sheet1!$D$2:$D$9999,0),0)} -> 국민 | F68: {=INDEX(Sheet1!$F$2:$F$9999,MATCH(D68,Sheet1!$D$2:$D$9999,0),0)} -> 이반석(디반(DBAN)) | G68: ㅇ | H68: {=INDEX(Sheet1!$H$2:$H$9999,MATCH(D68,Sheet1!$D$2:$D$9999,0),0)} -> X
A69: {=INDEX(은행코드!$B$1:$B$24,MATCH(E69,은행코드!$A$1:$A$24,0),0)} -> 003 | B69: {=INDEX(Sheet1!$B$2:$B$9999,MATCH(D69,Sheet1!$D$2:$D$9999,0),0)} -> 01818868201016 | C69: 314600 | D69: 더블유모즈 | E69: {=INDEX(Sheet1!$E$2:$E$9999,MATCH(D69,Sheet1!$D$2:$D$9999,0),0)} -> 기업 | F69: {=INDEX(Sheet1!$F$2:$F$9999,MATCH(D69,Sheet1!$D$2:$D$9999,0),0)} -> ㈜모즈패션 | G69: ㅇ | H69: {=INDEX(Sheet1!$H$2:$H$9999,MATCH(D69,Sheet1!$D$2:$D$9999,0),0)} -> O
A70: {=INDEX(은행코드!$B$1:$B$24,MATCH(E70,은행코드!$A$1:$A$24,0),0)} -> 081 | B70: {=INDEX(Sheet1!$B$2:$B$9999,MATCH(D70,Sheet1!$D$2:$D$9999,0),0)} -> 15391063644307 | C70: 9000 | D70: 논제 | E70: {=INDEX(Sheet1!$E$2:$E$9999,MATCH(D70,Sheet1!$D$2:$D$9999,0),0)} -> 하나 | F70: {=INDEX(Sheet1!$F$2:$F$9999,MATCH(D70,Sheet1!$D$2:$D$9999,0),0)} -> 논제 | G70: ㅇ | H70: {=INDEX(Sheet1!$H$2:$H$9999,MATCH(D70,Sheet1!$D$2:$D$9999,0),0)} -> X
A71: {=INDEX(은행코드!$B$1:$B$24,MATCH(E71,은행코드!$A$1:$A$24,0),0)} -> 088 | B71: {=INDEX(Sheet1!$B$2:$B$9999,MATCH(D71,Sheet1!$D$2:$D$9999,0),0)} -> 100031530371 | C71: 194000 | D71: 그랑블루 | E71: {=INDEX(Sheet1!$E$2:$E$9999,MATCH(D71,Sheet1!$D$2:$D$9999,0),0)} -> 신한 | F71: {=INDEX(Sheet1!$F$2:$F$9999,MATCH(D71,Sheet1!$D$2:$D$9999,0),0)} -> ㈜그랑블루진 | G71: ㅇ | H71: {=INDEX(Sheet1!$H$2:$H$9999,MATCH(D71,Sheet1!$D$2:$D$9999,0),0)} -> X
... A73: {=INDEX(은행코드!$B$1:$B$24,MATCH(E73,은행코드!$A$1:$A$24,0),0)} -> 088 | B73: {=INDEX(Sheet1!$B$2:$B$9999,MATCH(D73,Sheet1!$D$2:$D$9999,0),0)} -> 34802627001 | C73: 108000 | D73: 구이공 | E73: {=INDEX(Sheet1!$E$2:$E$9999,MATCH(D73,Sheet1!$D$2:$D$9999,0),0)} -> 신한 | F73: {=INDEX(Sheet1!$F$2:$F$9999,MATCH(D73,Sheet1!$D$2:$D$9999,0),0)} -> 박영규(구이공) | G73: ㅇ | H73: {=INDEX(Sheet1!$H$2:$H$9999,MATCH(D73,Sheet1!$D$2:$D$9999,0),0)} -> x

Sheet 2월 2일
A1: D | B1: D | C1: D | D1: D | E1: D | F1: D | G1: D | H1: D
A2: {=INDEX(은행코드!$B$1:$B$24,MATCH(E2,은행코드!$A$1:$A$24,0),0)} -> 020 | B2: {=INDEX(Sheet1!$B$2:$B$9999,MATCH(D2,Sheet1!$D$2:$D$9999,0),0)} -> 1005504775443 | C2: 153000 | D2: 히피스 | E2: {=INDEX(Sheet1!$E$2:$E$9999,MATCH(D2,Sheet1!$D$2:$D$9999,0),0)} -> 우리 | F2: {=INDEX(Sheet1!$F$2:$F$9999,MATCH(D2,Sheet1!$D$2:$D$9999,0),0)} -> 이도영(히피스) | G2: ㅇ | H2: {=INDEX(Sheet1!$H$2:$H$9999,MATCH(D2,Sheet1!$D$2:$D$9999,0),0)} -> X
A3: {=INDEX(은행코드!$B$1:$B$24,MATCH(E3,은행코드!$A$1:$A$24,0),0)} -> 003 | B3: {=INDEX(Sheet1!$B$2:$B$9999,MATCH(D3,Sheet1!$D$2:$D$9999,0),0)} -> 20108343304014 | C3: 12000 | D3: 화이트옐로우 | E3: {=INDEX(Sheet1!$E$2:$E$9999,MATCH(D3,Sheet1!$D$2:$D$9999,0),0)} -> 기업 | F3: {=INDEX(Sheet1!$F$2:$F$9999,MATCH(D3,Sheet1!$D$2:$D$9999,0),0)} -> 옐로우이엔엠 주식회사 | G3: ㅇ | H3: {=INDEX(Sheet1!$H$2:$H$9999,MATCH(D3,Sheet1!$D$2:$D$9999,0),0)} -> X
A4: {=INDEX(은행코드!$B$1:$B$24,MATCH(E4,은행코드!$A$1:$A$24,0),0)} -> 090 | B4: {=INDEX(Sheet1!$B$2:$B$9999,MATCH(D4,Sheet1!$D$2:$D$9999,0),0)} -> 3333289511795 | C4: 27000 | D4: 하이프 | E4: {=INDEX(Sheet1!$E$2:$E$9999,MATCH(D4,Sheet1!$D$2:$D$9999,0),0)} -> 카카오 | F4: {=INDEX(Sheet1!$F$2:$F$9999,MATCH(D4,Sheet1!$D$2:$D$9999,0),0)} -> 하이프(HYPE) | G4: ㅇ | H4: {=INDEX(Sheet1!$H$2:$H$9999,MATCH(D4,Sheet1!$D$2:$D$9999,0),0)} -> X
A5: {=INDEX(은행코드!$B$1:$B$24,MATCH(E5,은행코드!$A$1:$A$24,0),0)} -> 081 | B5: {=INDEX(Sheet1!$B$2:$B$9999,MATCH(D5,Sheet1!$D$2:$D$9999,0),0)} -> 17191028203607 | C5: 90000 | D5: 하이바 | E5: {=INDEX(Sheet1!$E$2:$E$9999,MATCH(D5,Sheet1!$D$2:$D$9999,0),0)} -> 하나 | F5: {=INDEX(Sheet1!$F$2:$F$9999,MATCH(D5,Sheet1!$D$2:$D$9999,0),0)} -> 김태형 | G5: ㅇ | H5: {=INDEX(Sheet1!$H$2:$H$9999,MATCH(D5,Sheet1!$D$2:$D$9999,0),0)} -> X
A6: {=INDEX(은행코드!$B$1:$B$24,MATCH(E6,은행코드!$A$1:$A$24,0),0)} -> 004 | B6: {=INDEX(Sheet1!$B$2:$B$9999,MATCH(D6,Sheet1!$D$2:$D$9999,0),0)} -> 79660104124093 | C6: 19000 | D6: 하루하 | E6: {=INDEX(Sheet1!$E$2:$E$9999,MATCH(D6,Sheet1!$D$2:$D$9999,0),0)} -> 국민 | F6: {=INDEX(Sheet1!$F$2:$F$9999,MATCH(D6,Sheet1!$D$2:$D$9999,0),0)} -> 하루하 | G6: ㅇ | H6: {=INDEX(Sheet1!$H$2:$H$9999,MATCH(D6,Sheet1!$D$2:$D$9999,0),0)} -> X
A7: {=INDEX(은행코드!$B$1:$B$24,MATCH(E7,은행코드!$A$1:$A$24,0),0)} -> 004 | B7: {=INDEX(Sheet1!$B$2:$B$9999,MATCH(D7,Sheet1!$D$2:$D$9999,0),0)} -> 80750104288480 | C7: 30500 | D7: 필앤마조 | E7: {=INDEX(Sheet1!$E$2:$E$9999,MATCH(D7,Sheet1!$D$2:$D$9999,0),0)} -> 국민 | F7: {=INDEX(Sheet1!$F$2:$F$9999,MATCH(D7,Sheet1!$D$2:$D$9999,0),0)} -> (주)필앤마조 | G7: ㅇ | H7: {=INDEX(Sheet1!$H$2:$H$9999,MATCH(D7,Sheet1!$D$2:$D$9999,0),0)} -> X
A8: {=INDEX(은행코드!$B$1:$B$24,MATCH(E8,은행코드!$A$1:$A$24,0),0)} -> 003 | B8: {=INDEX(Sheet1!$B$2:$B$9999,MATCH(D8,Sheet1!$D$2:$D$9999,0),0)} -> 01041961598 | C8: 26000 | D8: 플레이 | E8: {=INDEX(Sheet1!$E$2:$E$9999,MATCH(D8,Sheet1!$D$2:$D$9999,0),0)} -> 기업 | F8: {=INDEX(Sheet1!$F$2:$F$9999,MATCH(D8,Sheet1!$D$2:$D$9999,0),0)} -> 김미라(플레이) | G8: ㅇ | H8: {=INDEX(Sheet1!$H$2:$H$9999,MATCH(D8,Sheet1!$D$2:$D$9999,0),0)} -> X
A9: {=INDEX(은행코드!$B$1:$B$24,MATCH(E9,은행코드!$A$1:$A$24,0),0)} -> 088 | B9: {=INDEX(Sheet1!$B$2:$B$9999,MATCH(D9,Sheet1!$D$2:$D$9999,0),0)} -> 140013540787 | C9: 13000 | D9: 풀하우스 | E9: {=INDEX(Sheet1!$E$2:$E$9999,MATCH(D9,Sheet1!$D$2:$D$9999,0),0)} -> 신한 | F9: {=INDEX(Sheet1!$F$2:$F$9999,MATCH(D9,Sheet1!$D$2:$D$9999,0),0)} -> 주식회사 풀하우스컴퍼니 김기완 | G9: ㅇ | H9: {=INDEX(Sheet1!$H$2:$H$9999,MATCH(D9,Sheet1!$D$2:$D$9999,0),0)} -> X
A10: {=INDEX(은행코드!$B$1:$B$24,MATCH(E10,은행코드!$A$1:$A$24,0),0)} -> 090 | B10: {=INDEX(Sheet1!$B$2:$B$9999,MATCH(D10,Sheet1!$D$2:$D$9999,0),0)} -> 3333123250772 | C10: 90000 | D10: 포레나 | E10: {=INDEX(Sheet1!$E$2:$E$9999,MATCH(D10,Sheet1!$D$2:$D$9999,0),0)} -> 카카오 | F10: {=INDEX(Sheet1!$F$2:$F$9999,MATCH(D10,Sheet1!$D$2:$D$9999,0),0)} -> 박진성 | G10: ㅇ | H10: {=INDEX(Sheet1!$H$2:$H$9999,MATCH(D10,Sheet1!$D$2:$D$9999,0),0)} -> X
A11: {=INDEX(은행코드!$B$1:$B$24,MATCH(E11,은행코드!$A$1:$A$24,0),0)} -> 088 | B11: {=INDEX(Sheet1!$B$2:$B$9999,MATCH(D11,Sheet1!$D$2:$D$9999,0),0)} -> 110316175919 | C11: 72000 | D11: 페어립트 | E11: {=INDEX(Sheet1!$E$2:$E$9999,MATCH(D11,Sheet1!$D$2:$D$9999,0),0)} -> 신한 | F11: {=INDEX(Sheet1!$F$2:$F$9999,MATCH(D11,Sheet1!$D$2:$D$9999,0),0)} -> 황두환(페어립트) | G11: ㅇ | H11: {=INDEX(Sheet1!$H$2:$H$9999,MATCH(D11,Sheet1!$D$2:$D$9999,0),0)} -> X
A12: {=INDEX(은행코드!$B$1:$B$24,MATCH(E12,은행코드!$A$1:$A$24,0),0)} -> 003 | B12: {=INDEX(Sheet1!$B$2:$B$9999,MATCH(D12,Sheet1!$D$2:$D$9999,0),0)} -> 01819320404015 | C12: 12100 | D12: 퍼플그레이 | E12: {=INDEX(Sheet1!$E$2:$E$9999,MATCH(D12,Sheet1!$D$2:$D$9999,0),0)} -> 기업 | F12: {=INDEX(Sheet1!$F$2:$F$9999,MATCH(D12,Sheet1!$D$2:$D$9999,0),0)} -> ㈜퍼플그레이어패럴 | G12: ㅇ | H12: {=INDEX(Sheet1!$H$2:$H$9999,MATCH(D12,Sheet1!$D$2:$D$9999,0),0)} -> O
A13: {=INDEX(은행코드!$B$1:$B$24,MATCH(E13,은행코드!$A$1:$A$24,0),0)} -> 088 | B13: {=INDEX(Sheet1!$B$2:$B$9999,MATCH(D13,Sheet1!$D$2:$D$9999,0),0)} -> 110489581929 | C13: 14000 | D13: 팔로우비 | E13: {=INDEX(Sheet1!$E$2:$E$9999,MATCH(D13,Sheet1!$D$2:$D$9999,0),0)} -> 신한 | F13: {=INDEX(Sheet1!$F$2:$F$9999,MATCH(D13,Sheet1!$D$2:$D$9999,0),0)} -> 변입섭 팔로우비 | G13: ㅇ | H13: {=INDEX(Sheet1!$H$2:$H$9999,MATCH(D13,Sheet1!$D$2:$D$9999,0),0)} -> X
... A30: {=INDEX(은행코드!$B$1:$B$24,MATCH(E30,은행코드!$A$1:$A$24,0),0)} -> 004 | B30: {=INDEX(Sheet1!$B$2:$B$9999,MATCH(D30,Sheet1!$D$2:$D$9999,0),0)} -> 06880104407136 | C30: 14000 | D30: 웨이비 | E30: {=INDEX(Sheet1!$E$2:$E$9999,MATCH(D30,Sheet1!$D$2:$D$9999,0),0)} -> 국민 | F30: {=INDEX(Sheet1!$F$2:$F$9999,MATCH(D30,Sheet1!$D$2:$D$9999,0),0)} -> 웨이비 임솔 | G30: ㅇ | H30: {=INDEX(Sheet1!$H$2:$H$9999,MATCH(D30,Sheet1!$D$2:$D$9999,0),0)} -> X
A31: {=INDEX(은행코드!$B$1:$B$24,MATCH(E31,은행코드!$A$1:$A$24,0),0)} -> 003 | B31: 03014341201010 | C31: 12000 | D31: 원 | E31: 기업 | F31: 윤채원 | G31: ㅇ | H31: X
A32: {=INDEX(은행코드!$B$1:$B$24,MATCH(E32,은행코드!$A$1:$A$24,0),0)} -> 020 | B32: {=INDEX(Sheet1!$B$2:$B$9999,MATCH(D32,Sheet1!$D$2:$D$9999,0),0)} -> 1005104702925 | C32: 41000 | D32: 우트 | E32: {=INDEX(Sheet1!$E$2:$E$9999,MATCH(D32,Sheet1!$D$2:$D$9999,0),0)} -> 우리 | F32: {=INDEX(Sheet1!$F$2:$F$9999,MATCH(D32,Sheet1!$D$2:$D$9999,0),0)} -> ㈜오오티제이 오리진 | G32: ㅇ | H32: {=INDEX(Sheet1!$H$2:$H$9999,MATCH(D32,Sheet1!$D$2:$D$9999,0),0)} -> O
A33: {=INDEX(은행코드!$B$1:$B$24,MATCH(E33,은행코드!$A$1:$A$24,0),0)} -> 088 | B33: {=INDEX(Sheet1!$B$2:$B$9999,MATCH(D33,Sheet1!$D$2:$D$9999,0),0)} -> 110474414886 | C33: 6000 | D33: 와이파이 | E33: {=INDEX(Sheet1!$E$2:$E$9999,MATCH(D33,Sheet1!$D$2:$D$9999,0),0)} -> 신한 | F33: {=INDEX(Sheet1!$F$2:$F$9999,MATCH(D33,Sheet1!$D$2:$D$9999,0),0)} -> 김예근(WIFI) | G33: ㅇ | H33: {=INDEX(Sheet1!$H$2:$H$9999,MATCH(D33,Sheet1!$D$2:$D$9999,0),0)} -> X
A34: {=INDEX(은행코드!$B$1:$B$24,MATCH(E34,은행코드!$A$1:$A$24,0),0)} -> 088 | B34: {=INDEX(Sheet1!$B$2:$B$9999,MATCH(D34,Sheet1!$D$2:$D$9999,0),0)} -> 140012598030 | C34: 15950 | D34: 오즈브릿지 | E34: {=INDEX(Sheet1!$E$2:$E$9999,MATCH(D34,Sheet1!$D$2:$D$9999,0),0)} -> 신한 | F34: {=INDEX(Sheet1!$F$2:$F$9999,MATCH(D34,Sheet1!$D$2:$D$9999,0),0)} -> ㈜오즈브릿지 | G34: ㅇ | H34: {=INDEX(Sheet1!$H$2:$H$9999,MATCH(D34,Sheet1!$D$2:$D$9999,0),0)} -> ㅇ
A35: {=INDEX(은행코드!$B$1:$B$24,MATCH(E35,은행코드!$A$1:$A$24,0),0)} -> 088 | B35: {=INDEX(Sheet1!$B$2:$B$9999,MATCH(D35,Sheet1!$D$2:$D$9999,0),0)} -> 140015691630 | C35: 74500 | D35: 오드 | E35: {=INDEX(Sheet1!$E$2:$E$9999,MATCH(D35,Sheet1!$D$2:$D$9999,0),0)} -> 신한 | F35: {=INDEX(Sheet1!$F$2:$F$9999,MATCH(D35,Sheet1!$D$2:$D$9999,0),0)} -> 주식회사 오드점 | G35: ㅇ | H35: {=INDEX(Sheet1!$H$2:$H$9999,MATCH(D35,Sheet1!$D$2:$D$9999,0),0)} -> X
A36: {=INDEX(은행코드!$B$1:$B$24,MATCH(E36,은행코드!$A$1:$A$24,0),0)} -> 088 | B36: {=INDEX(Sheet1!$B$2:$B$9999,MATCH(D36,Sheet1!$D$2:$D$9999,0),0)} -> 110555467484 | C36: 8000 | D36: 오도시 | E36: {=INDEX(Sheet1!$E$2:$E$9999,MATCH(D36,Sheet1!$D$2:$D$9999,0),0)} -> 신한 | F36: {=INDEX(Sheet1!$F$2:$F$9999,MATCH(D36,Sheet1!$D$2:$D$9999,0),0)} -> 임창현/오도시 | G36: ㅇ | H36: {=INDEX(Sheet1!$H$2:$H$9999,MATCH(D36,Sheet1!$D$2:$D$9999,0),0)} -> X
A37: {=INDEX(은행코드!$B$1:$B$24,MATCH(E37,은행코드!$A$1:$A$24,0),0)} -> 020 | B37: {=INDEX(Sheet1!$B$2:$B$9999,MATCH(D37,Sheet1!$D$2:$D$9999,0),0)} -> 1005504495386 | C37: 161000 | D37: 여기 | E37: {=INDEX(Sheet1!$E$2:$E$9999,MATCH(D37,Sheet1!$D$2:$D$9999,0),0)} -> 우리 | F37: {=INDEX(Sheet1!$F$2:$F$9999,MATCH(D37,Sheet1!$D$2:$D$9999,0),0)} -> 에브리웨어 | G37: ㅇ | H37: {=INDEX(Sheet1!$H$2:$H$9999,MATCH(D37,Sheet1!$D$2:$D$9999,0),0)} -> X
A38: {=INDEX(은행코드!$B$1:$B$24,MATCH(E38,은행코드!$A$1:$A$24,0),0)} -> 088 | B38: {=INDEX(Sheet1!$B$2:$B$9999,MATCH(D38,Sheet1!$D$2:$D$9999,0),0)} -> 140013987091 | C38: 46000 | D38: 엣지 | E38: {=INDEX(Sheet1!$E$2:$E$9999,MATCH(D38,Sheet1!$D$2:$D$9999,0),0)} -> 신한 | F38: {=INDEX(Sheet1!$F$2:$F$9999,MATCH(D38,Sheet1!$D$2:$D$9999,0),0)} -> ㈜이디지이(EDGE) | G38: ㅇ | H38: {=INDEX(Sheet1!$H$2:$H$9999,MATCH(D38,Sheet1!$D$2:$D$9999,0),0)} -> X
A39: {=INDEX(은행코드!$B$1:$B$24,MATCH(E39,은행코드!$A$1:$A$24,0),0)} -> 088 | B39: {=INDEX(Sheet1!$B$2:$B$9999,MATCH(D39,Sheet1!$D$2:$D$9999,0),0)} -> 110517059780 | C39: 31900 | D39: 엔초 | E39: {=INDEX(Sheet1!$E$2:$E$9999,MATCH(D39,Sheet1!$D$2:$D$9999,0),0)} -> 신한 | F39: {=INDEX(Sheet1!$F$2:$F$9999,MATCH(D39,Sheet1!$D$2:$D$9999,0),0)} -> 최훈정(엔초) | G39: ㅇ | H39: {=INDEX(Sheet1!$H$2:$H$9999,MATCH(D39,Sheet1!$D$2:$D$9999,0),0)} -> O
A40: {=INDEX(은행코드!$B$1:$B$24,MATCH(E40,은행코드!$A$1:$A$24,0),0)} -> 003 | B40: {=INDEX(Sheet1!$B$2:$B$9999,MATCH(D40,Sheet1!$D$2:$D$9999,0),0)} -> 02908577101019 | C40: 77000 | D40: 에이에이더블유 | E40: {=INDEX(Sheet1!$E$2:$E$9999,MATCH(D40,Sheet1!$D$2:$D$9999,0),0)} -> 기업 | F40: {=INDEX(Sheet1!$F$2:$F$9999,MATCH(D40,Sheet1!$D$2:$D$9999,0),0)} -> 에이에이더블유(권지영) | G40: ㅇ | H40: {=INDEX(Sheet1!$H$2:$H$9999,MATCH(D40,Sheet1!$D$2:$D$9999,0),0)} -> O
A41: {=INDEX(은행코드!$B$1:$B$24,MATCH(E41,은행코드!$A$1:$A$24,0),0)} -> 003 | B41: {=INDEX(Sheet1!$B$2:$B$9999,MATCH(D41,Sheet1!$D$2:$D$9999,0),0)} -> 01093570559 | C41: 9000 | D41: 야나 | E41: {=INDEX(Sheet1!$E$2:$E$9999,MATCH(D41,Sheet1!$D$2:$D$9999,0),0)} -> 기업 | F41: {=INDEX(Sheet1!$F$2:$F$9999,MATCH(D41,Sheet1!$D$2:$D$9999,0),0)} -> 김정훈(야나) | G41: ㅇ | H41: {=INDEX(Sheet1!$H$2:$H$9999,MATCH(D41,Sheet1!$D$2:$D$9999,0),0)} -> X
A42: {=INDEX(은행코드!$B$1:$B$24,MATCH(E42,은행코드!$A$1:$A$24,0),0)} -> 088 | B42: {=INDEX(Sheet1!$B$2:$B$9999,MATCH(D42,Sheet1!$D$2:$D$9999,0),0)} -> 110547690282 | C42: 12000 | D42: 앨리 | E42: {=INDEX(Sheet1!$E$2:$E$9999,MATCH(D42,Sheet1!$D$2:$D$9999,0),0)} -> 신한 | F42: {=INDEX(Sheet1!$F$2:$F$9999,MATCH(D42,Sheet1!$D$2:$D$9999,0),0)} -> 신나겸이(앨리) | G42: ㅇ | H42: {=INDEX(Sheet1!$H$2:$H$9999,MATCH(D42,Sheet1!$D$2:$D$9999,0),0)} -> X
A43: {=INDEX(은행코드!$B$1:$B$24,MATCH(E43,은행코드!$A$1:$A$24,0),0)} -> 088 | B43: {=INDEX(Sheet1!$B$2:$B$9999,MATCH(D43,Sheet1!$D$2:$D$9999,0),0)} -> 110539887153 | C43: 240000 | D43: 안나 | E43: {=INDEX(Sheet1!$E$2:$E$9999,MATCH(D43,Sheet1!$D$2:$D$9999,0),0)} -> 신한 | F43: {=INDEX(Sheet1!$F$2:$F$9999,MATCH(D43,Sheet1!$D$2:$D$9999,0),0)} -> 김수진 | G43: ㅇ | H43: {=INDEX(Sheet1!$H$2:$H$9999,MATCH(D43,Sheet1!$D$2:$D$9999,0),0)} -> X
... A91: {=INDEX(은행코드!$B$1:$B$24,MATCH(E91,은행코드!$A$1:$A$24,0),0)} -> 004 | B91: {=INDEX(Sheet1!$B$2:$B$9999,MATCH(D91,Sheet1!$D$2:$D$9999,0),0)} -> 01830104233866 | C91: 56100 | D91: 계란속노른자 | E91: {=INDEX(Sheet1!$E$2:$E$9999,MATCH(D91,Sheet1!$D$2:$D$9999,0),0)} -> 국민 | F91: {=INDEX(Sheet1!$F$2:$F$9999,MATCH(D91,Sheet1!$D$2:$D$9999,0),0)} -> 김재영 | G91: ㅇ | H91: {=INDEX(Sheet1!$H$2:$H$9999,MATCH(D91,Sheet1!$D$2:$D$9999,0),0)} -> O

Sheet 2월 3일
A1: ㅇ | B1: ㅇ | C1: ㅇ | D1: ㅇ | E1: ㅇ | F1: ㅇ | G1: ㅇ | H1: ㅇ
A2: {=INDEX(은행코드!$B$1:$B$24,MATCH(E2,은행코드!$A$1:$A$24,0),0)} -> 020 | B2: {=INDEX(Sheet1!$B$2:$B$9999,MATCH(D2,Sheet1!$D$2:$D$9999,0),0)} -> 1005603106537 | C2: 135000 | D2: 힙블리 | E2: {=INDEX(Sheet1!$E$2:$E$9999,MATCH(D2,Sheet1!$D$2:$D$9999,0),0)} -> 우리 | F2: {=INDEX(Sheet1!$F$2:$F$9999,MATCH(D2,Sheet1!$D$2:$D$9999,0),0)} -> 오승미 | G2: ㅇ | H2: {=INDEX(Sheet1!$H$2:$H$9999,MATCH(D2,Sheet1!$D$2:$D$9999,0),0)} -> x
A3: {=INDEX(은행코드!$B$1:$B$24,MATCH(E3,은행코드!$A$1:$A$24,0),0)} -> 090 | B3: {=INDEX(Sheet1!$B$2:$B$9999,MATCH(D3,Sheet1!$D$2:$D$9999,0),0)} -> 3333289511795 | C3: 54000 | D3: 하이프 | E3: {=INDEX(Sheet1!$E$2:$E$9999,MATCH(D3,Sheet1!$D$2:$D$9999,0),0)} -> 카카오 | F3: {=INDEX(Sheet1!$F$2:$F$9999,MATCH(D3,Sheet1!$D$2:$D$9999,0),0)} -> 하이프(HYPE) | G3: ㅇ | H3: {=INDEX(Sheet1!$H$2:$H$9999,MATCH(D3,Sheet1!$D$2:$D$9999,0),0)} -> X
A4: {=INDEX(은행코드!$B$1:$B$24,MATCH(E4,은행코드!$A$1:$A$24,0),0)} -> 088 | B4: {=INDEX(Sheet1!$B$2:$B$9999,MATCH(D4,Sheet1!$D$2:$D$9999,0),0)} -> 110554774968 | C4: 108000 | D4: 하이앤땡큐 | E4: {=INDEX(Sheet1!$E$2:$E$9999,MATCH(D4,Sheet1!$D$2:$D$9999,0),0)} -> 신한 | F4: {=INDEX(Sheet1!$F$2:$F$9999,MATCH(D4,Sheet1!$D$2:$D$9999,0),0)} -> 김승현 | G4: ㅇ | H4: {=INDEX(Sheet1!$H$2:$H$9999,MATCH(D4,Sheet1!$D$2:$D$9999,0),0)} -> X
A5: {=INDEX(은행코드!$B$1:$B$24,MATCH(E5,은행코드!$A$1:$A$24,0),0)} -> 081 | B5: {=INDEX(Sheet1!$B$2:$B$9999,MATCH(D5,Sheet1!$D$2:$D$9999,0),0)} -> 17191028203607 | C5: 9000 | D5: 하이바 | E5: {=INDEX(Sheet1!$E$2:$E$9999,MATCH(D5,Sheet1!$D$2:$D$9999,0),0)} -> 하나 | F5: {=INDEX(Sheet1!$F$2:$F$9999,MATCH(D5,Sheet1!$D$2:$D$9999,0),0)} -> 김태형 | G5: ㅇ | H5: {=INDEX(Sheet1!$H$2:$H$9999,MATCH(D5,Sheet1!$D$2:$D$9999,0),0)} -> X
A6: {=INDEX(은행코드!$B$1:$B$24,MATCH(E6,은행코드!$A$1:$A$24,0),0)} -> 004 | B6: {=INDEX(Sheet1!$B$2:$B$9999,MATCH(D6,Sheet1!$D$2:$D$9999,0),0)} -> 80750104288480 | C6: 18000 | D6: 필앤마조 | E6: {=INDEX(Sheet1!$E$2:$E$9999,MATCH(D6,Sheet1!$D$2:$D$9999,0),0)} -> 국민 | F6: {=INDEX(Sheet1!$F$2:$F$9999,MATCH(D6,Sheet1!$D$2:$D$9999,0),0)} -> (주)필앤마조 | G6: ㅇ | H6: {=INDEX(Sheet1!$H$2:$H$9999,MATCH(D6,Sheet1!$D$2:$D$9999,0),0)} -> X
A7: {=INDEX(은행코드!$B$1:$B$24,MATCH(E7,은행코드!$A$1:$A$24,0),0)} -> 088 | B7: {=INDEX(Sheet1!$B$2:$B$9999,MATCH(D7,Sheet1!$D$2:$D$9999,0),0)} -> 110604500814 | C7: 7000 | D7: 피크닉 | E7: {=INDEX(Sheet1!$E$2:$E$9999,MATCH(D7,Sheet1!$D$2:$D$9999,0),0)} -> 신한 | F7: {=INDEX(Sheet1!$F$2:$F$9999,MATCH(D7,Sheet1!$D$2:$D$9999,0),0)} -> 피크닉 | G7: ㅇ | H7: {=INDEX(Sheet1!$H$2:$H$9999,MATCH(D7,Sheet1!$D$2:$D$9999,0),0)} -> X
A8: {=INDEX(은행코드!$B$1:$B$24,MATCH(E8,은행코드!$A$1:$A$24,0),0)} -> 003 | B8: {=INDEX(Sheet1!$B$2:$B$9999,MATCH(D8,Sheet1!$D$2:$D$9999,0),0)} -> 01041961598 | C8: 13000 | D8: 플레이 | E8: {=INDEX(Sheet1!$E$2:$E$9999,MATCH(D8,Sheet1!$D$2:$D$9999,0),0)} -> 기업 | F8: {=INDEX(Sheet1!$F$2:$F$9999,MATCH(D8,Sheet1!$D$2:$D$9999,0),0)} -> 김미라(플레이) | G8: ㅇ | H8: {=INDEX(Sheet1!$H$2:$H$9999,MATCH(D8,Sheet1!$D$2:$D$9999,0),0)} -> X
A9: {=INDEX(은행코드!$B$1:$B$24,MATCH(E9,은행코드!$A$1:$A$24,0),0)} -> 088 | B9: {=INDEX(Sheet1!$B$2:$B$9999,MATCH(D9,Sheet1!$D$2:$D$9999,0),0)} -> 140013540787 | C9: 42000 | D9: 풀하우스 | E9: {=INDEX(Sheet1!$E$2:$E$9999,MATCH(D9,Sheet1!$D$2:$D$9999,0),0)} -> 신한 | F9: {=INDEX(Sheet1!$F$2:$F$9999,MATCH(D9,Sheet1!$D$2:$D$9999,0),0)} -> 주식회사 풀하우스컴퍼니 김기완 | G9: ㅇ | H9: {=INDEX(Sheet1!$H$2:$H$9999,MATCH(D9,Sheet1!$D$2:$D$9999,0),0)} -> X
A10: {=INDEX(은행코드!$B$1:$B$24,MATCH(E10,은행코드!$A$1:$A$24,0),0)} -> 090 | B10: {=INDEX(Sheet1!$B$2:$B$9999,MATCH(D10,Sheet1!$D$2:$D$9999,0),0)} -> 3333123250772 | C10: 18000 | D10: 포레나 | E10: {=INDEX(Sheet1!$E$2:$E$9999,MATCH(D10,Sheet1!$D$2:$D$9999,0),0)} -> 카카오 | F10: {=INDEX(Sheet1!$F$2:$F$9999,MATCH(D10,Sheet1!$D$2:$D$9999,0),0)} -> 박진성 | G10: ㅇ | H10: {=INDEX(Sheet1!$H$2:$H$9999,MATCH(D10,Sheet1!$D$2:$D$9999,0),0)} -> X
A11: {=INDEX(은행코드!$B$1:$B$24,MATCH(E11,은행코드!$A$1:$A$24,0),0)} -> 003 | B11: {=INDEX(Sheet1!$B$2:$B$9999,MATCH(D11,Sheet1!$D$2:$D$9999,0),0)} -> 01819320404015 | C11: 6050 | D11: 퍼플그레이 | E11: {=INDEX(Sheet1!$E$2:$E$9999,MATCH(D11,Sheet1!$D$2:$D$9999,0),0)} -> 기업 | F11: {=INDEX(Sheet1!$F$2:$F$9999,MATCH(D11,Sheet1!$D$2:$D$9999,0),0)} -> ㈜퍼플그레이어패럴 | G11: ㅇ | H11: {=INDEX(Sheet1!$H$2:$H$9999,MATCH(D11,Sheet1!$D$2:$D$9999,0),0)} -> O
A12: {=INDEX(은행코드!$B$1:$B$24,MATCH(E12,은행코드!$A$1:$A$24,0),0)} -> 088 | B12: {=INDEX(Sheet1!$B$2:$B$9999,MATCH(D12,Sheet1!$D$2:$D$9999,0),0)} -> 110555436511 | C12: 24000 | D12: 파인파인 | E12: {=INDEX(Sheet1!$E$2:$E$9999,MATCH(D12,Sheet1!$D$2:$D$9999,0),0)} -> 신한 | F12: {=INDEX(Sheet1!$F$2:$F$9999,MATCH(D12,Sheet1!$D$2:$D$9999,0),0)} -> 파인파인 | G12: ㅇ | H12: {=INDEX(Sheet1!$H$2:$H$9999,MATCH(D12,Sheet1!$D$2:$D$9999,0),0)} -> X
A13: {=INDEX(은행코드!$B$1:$B$24,MATCH(E13,은행코드!$A$1:$A$24,0),0)} -> 088 | B13: {=INDEX(Sheet1!$B$2:$B$9999,MATCH(D13,Sheet1!$D$2:$D$9999,0),0)} -> 140014915730 | C13: 30000 | D13: 티오 | E13: {=INDEX(Sheet1!$E$2:$E$9999,MATCH(D13,Sheet1!$D$2:$D$9999,0),0)} -> 신한 | F13: {=INDEX(Sheet1!$F$2:$F$9999,MATCH(D13,Sheet1!$D$2:$D$9999,0),0)} -> ㈜패션컴퍼니오성 | G13: ㅇ | H13: {=INDEX(Sheet1!$H$2:$H$9999,MATCH(D13,Sheet1!$D$2:$D$9999,0),0)} -> X
... A29: {=INDEX(은행코드!$B$1:$B$24,MATCH(E29,은행코드!$A$1:$A$24,0),0)} -> 003 | B29: {=INDEX(Sheet1!$B$2:$B$9999,MATCH(D29,Sheet1!$D$2:$D$9999,0),0)} -> 03014341201010 | C29: 120000 | D29: 원 | E29: {=INDEX(Sheet1!$E$2:$E$9999,MATCH(D29,Sheet1!$D$2:$D$9999,0),0)} -> 기업 | F29: {=INDEX(Sheet1!$F$2:$F$9999,MATCH(D29,Sheet1!$D$2:$D$9999,0),0)} -> 윤채원 | G29: ㅇ | H29: {=INDEX(Sheet1!$H$2:$H$9999,MATCH(D29,Sheet1!$D$2:$D$9999,0),0)} -> X
A30: {=INDEX(은행코드!$B$1:$B$24,MATCH(E30,은행코드!$A$1:$A$24,0),0)} -> 020 | B30: 1005201847414 | C30: 11000 | D30: 오즈의마법사 | E30: 우리 | F30: 송윤진 | G30: ㅇ | H30: {=INDEX(Sheet1!$H$2:$H$9999,MATCH(D30,Sheet1!$D$2:$D$9999,0),0)} -> X
A31: {=INDEX(은행코드!$B$1:$B$24,MATCH(E31,은행코드!$A$1:$A$24,0),0)} -> 088 | B31: {=INDEX(Sheet1!$B$2:$B$9999,MATCH(D31,Sheet1!$D$2:$D$9999,0),0)} -> 140012598030 | C31: 20350 | D31: 오즈브릿지 | E31: {=INDEX(Sheet1!$E$2:$E$9999,MATCH(D31,Sheet1!$D$2:$D$9999,0),0)} -> 신한 | F31: {=INDEX(Sheet1!$F$2:$F$9999,MATCH(D31,Sheet1!$D$2:$D$9999,0),0)} -> ㈜오즈브릿지 | G31: ㅇ | H31: {=INDEX(Sheet1!$H$2:$H$9999,MATCH(D31,Sheet1!$D$2:$D$9999,0),0)} -> ㅇ
A32: {=INDEX(은행코드!$B$1:$B$24,MATCH(E32,은행코드!$A$1:$A$24,0),0)} -> 088 | B32: {=INDEX(Sheet1!$B$2:$B$9999,MATCH(D32,Sheet1!$D$2:$D$9999,0),0)} -> 140015691630 | C32: 13000 | D32: 오드 | E32: {=INDEX(Sheet1!$E$2:$E$9999,MATCH(D32,Sheet1!$D$2:$D$9999,0),0)} -> 신한 | F32: {=INDEX(Sheet1!$F$2:$F$9999,MATCH(D32,Sheet1!$D$2:$D$9999,0),0)} -> 주식회사 오드점 | G32: ㅇ | H32: {=INDEX(Sheet1!$H$2:$H$9999,MATCH(D32,Sheet1!$D$2:$D$9999,0),0)} -> X
A33: {=INDEX(은행코드!$B$1:$B$24,MATCH(E33,은행코드!$A$1:$A$24,0),0)} -> 020 | B33: {=INDEX(Sheet1!$B$2:$B$9999,MATCH(D33,Sheet1!$D$2:$D$9999,0),0)} -> 1005504495386 | C33: 12000 | D33: 여기 | E33: {=INDEX(Sheet1!$E$2:$E$9999,MATCH(D33,Sheet1!$D$2:$D$9999,0),0)} -> 우리 | F33: {=INDEX(Sheet1!$F$2:$F$9999,MATCH(D33,Sheet1!$D$2:$D$9999,0),0)} -> 에브리웨어 | G33: ㅇ | H33: {=INDEX(Sheet1!$H$2:$H$9999,MATCH(D33,Sheet1!$D$2:$D$9999,0),0)} -> X
A34: {=INDEX(은행코드!$B$1:$B$24,MATCH(E34,은행코드!$A$1:$A$24,0),0)} -> 088 | B34: {=INDEX(Sheet1!$B$2:$B$9999,MATCH(D34,Sheet1!$D$2:$D$9999,0),0)} -> 140013987091 | C34: 62000 | D34: 엣지 | E34: {=INDEX(Sheet1!$E$2:$E$9999,MATCH(D34,Sheet1!$D$2:$D$9999,0),0)} -> 신한 | F34: {=INDEX(Sheet1!$F$2:$F$9999,MATCH(D34,Sheet1!$D$2:$D$9999,0),0)} -> ㈜이디지이(EDGE) | G34: ㅇ | H34: {=INDEX(Sheet1!$H$2:$H$9999,MATCH(D34,Sheet1!$D$2:$D$9999,0),0)} -> X
A35: {=INDEX(은행코드!$B$1:$B$24,MATCH(E35,은행코드!$A$1:$A$24,0),0)} -> 088 | B35: {=INDEX(Sheet1!$B$2:$B$9999,MATCH(D35,Sheet1!$D$2:$D$9999,0),0)} -> 110425567853 | C35: 9000 | D35: 엘로즈 | E35: {=INDEX(Sheet1!$E$2:$E$9999,MATCH(D35,Sheet1!$D$2:$D$9999,0),0)} -> 신한 | F35: {=INDEX(Sheet1!$F$2:$F$9999,MATCH(D35,Sheet1!$D$2:$D$9999,0),0)} -> 이현승엘로즈 | G35: ㅇ | H35: {=INDEX(Sheet1!$H$2:$H$9999,MATCH(D35,Sheet1!$D$2:$D$9999,0),0)} -> X
A36: {=INDEX(은행코드!$B$1:$B$24,MATCH(E36,은행코드!$A$1:$A$24,0),0)} -> 088 | B36: {=INDEX(Sheet1!$B$2:$B$9999,MATCH(D36,Sheet1!$D$2:$D$9999,0),0)} -> 110517059780 | C36: 14300 | D36: 엔초 | E36: {=INDEX(Sheet1!$E$2:$E$9999,MATCH(D36,Sheet1!$D$2:$D$9999,0),0)} -> 신한 | F36: {=INDEX(Sheet1!$F$2:$F$9999,MATCH(D36,Sheet1!$D$2:$D$9999,0),0)} -> 최훈정(엔초) | G36: ㅇ | H36: {=INDEX(Sheet1!$H$2:$H$9999,MATCH(D36,Sheet1!$D$2:$D$9999,0),0)} -> O
A37: {=INDEX(은행코드!$B$1:$B$24,MATCH(E37,은행코드!$A$1:$A$24,0),0)} -> 020 | B37: {=INDEX(Sheet1!$B$2:$B$9999,MATCH(D37,Sheet1!$D$2:$D$9999,0),0)} -> 1005804294993 | C37: 90000 | D37: 얼리모닝 | E37: {=INDEX(Sheet1!$E$2:$E$9999,MATCH(D37,Sheet1!$D$2:$D$9999,0),0)} -> 우리 | F37: {=INDEX(Sheet1!$F$2:$F$9999,MATCH(D37,Sheet1!$D$2:$D$9999,0),0)} -> 백승갑 | G37: ㅇ | H37: {=INDEX(Sheet1!$H$2:$H$9999,MATCH(D37,Sheet1!$D$2:$D$9999,0),0)} -> X
A38: {=INDEX(은행코드!$B$1:$B$24,MATCH(E38,은행코드!$A$1:$A$24,0),0)} -> 011 | B38: {=INDEX(Sheet1!$B$2:$B$9999,MATCH(D38,Sheet1!$D$2:$D$9999,0),0)} -> 3021427284011 | C38: 199000 | D38: 언니제이 | E38: {=INDEX(Sheet1!$E$2:$E$9999,MATCH(D38,Sheet1!$D$2:$D$9999,0),0)} -> 농협 | F38: {=INDEX(Sheet1!$F$2:$F$9999,MATCH(D38,Sheet1!$D$2:$D$9999,0),0)} -> 고연정(언니제이) | G38: ㅇ | H38: {=INDEX(Sheet1!$H$2:$H$9999,MATCH(D38,Sheet1!$D$2:$D$9999,0),0)} -> X
A39: {=INDEX(은행코드!$B$1:$B$24,MATCH(E39,은행코드!$A$1:$A$24,0),0)} -> 088 | B39: {=INDEX(Sheet1!$B$2:$B$9999,MATCH(D39,Sheet1!$D$2:$D$9999,0),0)} -> 110547690282 | C39: 9000 | D39: 앨리 | E39: {=INDEX(Sheet1!$E$2:$E$9999,MATCH(D39,Sheet1!$D$2:$D$9999,0),0)} -> 신한 | F39: {=INDEX(Sheet1!$F$2:$F$9999,MATCH(D39,Sheet1!$D$2:$D$9999,0),0)} -> 신나겸이(앨리) | G39: ㅇ | H39: {=INDEX(Sheet1!$H$2:$H$9999,MATCH(D39,Sheet1!$D$2:$D$9999,0),0)} -> X
A40: {=INDEX(은행코드!$B$1:$B$24,MATCH(E40,은행코드!$A$1:$A$24,0),0)} -> 088 | B40: {=INDEX(Sheet1!$B$2:$B$9999,MATCH(D40,Sheet1!$D$2:$D$9999,0),0)} -> 110539887153 | C40: 165000 | D40: 안나 | E40: {=INDEX(Sheet1!$E$2:$E$9999,MATCH(D40,Sheet1!$D$2:$D$9999,0),0)} -> 신한 | F40: {=INDEX(Sheet1!$F$2:$F$9999,MATCH(D40,Sheet1!$D$2:$D$9999,0),0)} -> 김수진 | G40: ㅇ | H40: {=INDEX(Sheet1!$H$2:$H$9999,MATCH(D40,Sheet1!$D$2:$D$9999,0),0)} -> X
A41: {=INDEX(은행코드!$B$1:$B$24,MATCH(E41,은행코드!$A$1:$A$24,0),0)} -> 020 | B41: {=INDEX(Sheet1!$B$2:$B$9999,MATCH(D41,Sheet1!$D$2:$D$9999,0),0)} -> 1005203796625 | C41: 263000 | D41: 아이티 | E41: {=INDEX(Sheet1!$E$2:$E$9999,MATCH(D41,Sheet1!$D$2:$D$9999,0),0)} -> 우리 | F41: {=INDEX(Sheet1!$F$2:$F$9999,MATCH(D41,Sheet1!$D$2:$D$9999,0),0)} -> HKW컴퍼니 | G41: ㅇ | H41: {=INDEX(Sheet1!$H$2:$H$9999,MATCH(D41,Sheet1!$D$2:$D$9999,0),0)} -> X
A42: {=INDEX(은행코드!$B$1:$B$24,MATCH(E42,은행코드!$A$1:$A$24,0),0)} -> 003 | B42: {=INDEX(Sheet1!$B$2:$B$9999,MATCH(D42,Sheet1!$D$2:$D$9999,0),0)} -> 03205807001012 | C42: 10000 | D42: 아우트 | E42: {=INDEX(Sheet1!$E$2:$E$9999,MATCH(D42,Sheet1!$D$2:$D$9999,0),0)} -> 기업 | F42: {=INDEX(Sheet1!$F$2:$F$9999,MATCH(D42,Sheet1!$D$2:$D$9999,0),0)} -> 이윤아 | G42: ㅇ | H42: {=INDEX(Sheet1!$H$2:$H$9999,MATCH(D42,Sheet1!$D$2:$D$9999,0),0)} -> X
... A47: {=INDEX(은행코드!$B$1:$B$24,MATCH(E47,은행코드!$A$1:$A$24,0),0)} -> 020 | B47: {=INDEX(Sheet1!$B$2:$B$9999,MATCH(D47,Sheet1!$D$2:$D$9999,0),0)} -> 1005303657353 | C47: 12000 | D47: 빨주노초 | E47: {=INDEX(Sheet1!$E$2:$E$9999,MATCH(D47,Sheet1!$D$2:$D$9999,0),0)} -> 우리 | F47: {=INDEX(Sheet1!$F$2:$F$9999,MATCH(D47,Sheet1!$D$2:$D$9999,0),0)} -> 정종인 | G47: ㅇ | H47: {=INDEX(Sheet1!$H$2:$H$9999,MATCH(D47,Sheet1!$D$2:$D$9999,0),0)} -> X
A48: {=INDEX(은행코드!$B$1:$B$24,MATCH(E48,은행코드!$A$1:$A$24,0),0)} -> 020 | B48: 1005504464759 | C48: 18000 | D48: 브리즈 | E48: 우리 | F48: 심명섭(브리즈) | G48: ㅇ | H48: X
A49: {=INDEX(은행코드!$B$1:$B$24,MATCH(E49,은행코드!$A$1:$A$24,0),0)} -> 088 | B49: {=INDEX(Sheet1!$B$2:$B$9999,MATCH(D49,Sheet1!$D$2:$D$9999,0),0)} -> 110500660298 | C49: 11000 | D49: 볼터치 | E49: {=INDEX(Sheet1!$E$2:$E$9999,MATCH(D49,Sheet1!$D$2:$D$9999,0),0)} -> 신한 | F49: {=INDEX(Sheet1!$F$2:$F$9999,MATCH(D49,Sheet1!$D$2:$D$9999,0),0)} -> 김은정(볼터치) | G49: ㅇ | H49: {=INDEX(Sheet1!$H$2:$H$9999,MATCH(D49,Sheet1!$D$2:$D$9999,0),0)} -> X
A50: {=INDEX(은행코드!$B$1:$B$24,MATCH(E50,은행코드!$A$1:$A$24,0),0)} -> 004 | B50: {=INDEX(Sheet1!$B$2:$B$9999,MATCH(D50,Sheet1!$D$2:$D$9999,0),0)} -> 34780104163197 | C50: 30000 | D50: 별대봉 | E50: {=INDEX(Sheet1!$E$2:$E$9999,MATCH(D50,Sheet1!$D$2:$D$9999,0),0)} -> 국민 | F50: {=INDEX(Sheet1!$F$2:$F$9999,MATCH(D50,Sheet1!$D$2:$D$9999,0),0)} -> ㈜투앤드컴퍼니 | G50: ㅇ | H50: {=INDEX(Sheet1!$H$2:$H$9999,MATCH(D50,Sheet1!$D$2:$D$9999,0),0)} -> X
A51: {=INDEX(은행코드!$B$1:$B$24,MATCH(E51,은행코드!$A$1:$A$24,0),0)} -> 020 | B51: {=INDEX(Sheet1!$B$2:$B$9999,MATCH(D51,Sheet1!$D$2:$D$9999,0),0)} -> 1005404854052 | C51: 137000 | D51: 베베 | E51: {=INDEX(Sheet1!$E$2:$E$9999,MATCH(D51,Sheet1!$D$2:$D$9999,0),0)} -> 우리 | F51: {=INDEX(Sheet1!$F$2:$F$9999,MATCH(D51,Sheet1!$D$2:$D$9999,0),0)} -> ㈜베베픽 | G51: ㅇ | H51: {=INDEX(Sheet1!$H$2:$H$9999,MATCH(D51,Sheet1!$D$2:$D$9999,0),0)} -> X
A52: {=INDEX(은행코드!$B$1:$B$24,MATCH(E52,은행코드!$A$1:$A$24,0),0)} -> 007 | B52: {=INDEX(Sheet1!$B$2:$B$9999,MATCH(D52,Sheet1!$D$2:$D$9999,0),0)} -> 101023843370 | C52: 752950 | D52: 밤비 | E52: {=INDEX(Sheet1!$E$2:$E$9999,MATCH(D52,Sheet1!$D$2:$D$9999,0),0)} -> 수협 | F52: {=INDEX(Sheet1!$F$2:$F$9999,MATCH(D52,Sheet1!$D$2:$D$9999,0),0)} -> ㈜밤비컴퍼니 | G52: ㅇ | H52: {=INDEX(Sheet1!$H$2:$H$9999,MATCH(D52,Sheet1!$D$2:$D$9999,0),0)} -> O
A53: {=INDEX(은행코드!$B$1:$B$24,MATCH(E53,은행코드!$A$1:$A$24,0),0)} -> 088 | B53: {=INDEX(Sheet1!$B$2:$B$9999,MATCH(D53,Sheet1!$D$2:$D$9999,0),0)} -> 110489136548 | C53: 14000 | D53: 물고기 | E53: {=INDEX(Sheet1!$E$2:$E$9999,MATCH(D53,Sheet1!$D$2:$D$9999,0),0)} -> 신한 | F53: {=INDEX(Sheet1!$F$2:$F$9999,MATCH(D53,Sheet1!$D$2:$D$9999,0),0)} -> 블랙피쉬 | G53: ㅇ | H53: {=INDEX(Sheet1!$H$2:$H$9999,MATCH(D53,Sheet1!$D$2:$D$9999,0),0)} -> X
A54: {=INDEX(은행코드!$B$1:$B$24,MATCH(E54,은행코드!$A$1:$A$24,0),0)} -> 088 | B54: {=INDEX(Sheet1!$B$2:$B$9999,MATCH(D54,Sheet1!$D$2:$D$9999,0),0)} -> 140013785683 | C54: 85000 | D54: 물 | E54: {=INDEX(Sheet1!$E$2:$E$9999,MATCH(D54,Sheet1!$D$2:$D$9999,0),0)} -> 신한 | F54: {=INDEX(Sheet1!$F$2:$F$9999,MATCH(D54,Sheet1!$D$2:$D$9999,0),0)} -> ㈜모아크 | G54: ㅇ | H54: {=INDEX(Sheet1!$H$2:$H$9999,MATCH(D54,Sheet1!$D$2:$D$9999,0),0)} -> X
A55: {=INDEX(은행코드!$B$1:$B$24,MATCH(E55,은행코드!$A$1:$A$24,0),0)} -> 004 | B55: {=INDEX(Sheet1!$B$2:$B$9999,MATCH(D55,Sheet1!$D$2:$D$9999,0),0)} -> 67650104033532 | C55: 23000 | D55: 무지 | E55: {=INDEX(Sheet1!$E$2:$E$9999,MATCH(D55,Sheet1!$D$2:$D$9999,0),0)} -> 국민 | F55: {=INDEX(Sheet1!$F$2:$F$9999,MATCH(D55,Sheet1!$D$2:$D$9999,0),0)} -> 고승재 | G55: ㅇ | H55: {=INDEX(Sheet1!$H$2:$H$9999,MATCH(D55,Sheet1!$D$2:$D$9999,0),0)} -> X
A56: {=INDEX(은행코드!$B$1:$B$24,MATCH(E56,은행코드!$A$1:$A$24,0),0)} -> 003 | B56: {=INDEX(Sheet1!$B$2:$B$9999,MATCH(D56,Sheet1!$D$2:$D$9999,0),0)} -> 08606410601017 | C56: 30000 | D56: 몽땅 | E56: {=INDEX(Sheet1!$E$2:$E$9999,MATCH(D56,Sheet1!$D$2:$D$9999,0),0)} -> 기업 | F56: {=INDEX(Sheet1!$F$2:$F$9999,MATCH(D56,Sheet1!$D$2:$D$9999,0),0)} -> 몽땅 김희진 | G56: ㅇ | H56: {=INDEX(Sheet1!$H$2:$H$9999,MATCH(D56,Sheet1!$D$2:$D$9999,0),0)} -> X
A57: {=INDEX(은행코드!$B$1:$B$24,MATCH(E57,은행코드!$A$1:$A$24,0),0)} -> 007 | B57: {=INDEX(Sheet1!$B$2:$B$9999,MATCH(D57,Sheet1!$D$2:$D$9999,0),0)} -> 101023336372 | C57: 168000 | D57: 몰핀 | E57: {=INDEX(Sheet1!$E$2:$E$9999,MATCH(D57,Sheet1!$D$2:$D$9999,0),0)} -> 수협 | F57: {=INDEX(Sheet1!$F$2:$F$9999,MATCH(D57,Sheet1!$D$2:$D$9999,0),0)} -> 이유진 | G57: ㅇ | H57: {=INDEX(Sheet1!$H$2:$H$9999,MATCH(D57,Sheet1!$D$2:$D$9999,0),0)} -> X
A58: {=INDEX(은행코드!$B$1:$B$24,MATCH(E58,은행코드!$A$1:$A$24,0),0)} -> 088 | B58: {=INDEX(Sheet1!$B$2:$B$9999,MATCH(D58,Sheet1!$D$2:$D$9999,0),0)} -> 110384273625 | C58: 20000 | D58: 모노 | E58: {=INDEX(Sheet1!$E$2:$E$9999,MATCH(D58,Sheet1!$D$2:$D$9999,0),0)} -> 신한 | F58: {=INDEX(Sheet1!$F$2:$F$9999,MATCH(D58,Sheet1!$D$2:$D$9999,0),0)} -> 조겸부 | G58: ㅇ | H58: {=INDEX(Sheet1!$H$2:$H$9999,MATCH(D58,Sheet1!$D$2:$D$9999,0),0)} -> X
A59: {=INDEX(은행코드!$B$1:$B$24,MATCH(E59,은행코드!$A$1:$A$24,0),0)} -> 011 | B59: {=INDEX(Sheet1!$B$2:$B$9999,MATCH(D59,Sheet1!$D$2:$D$9999,0),0)} -> 20510651007647 | C59: 192000 | D59: 모기 | E59: {=INDEX(Sheet1!$E$2:$E$9999,MATCH(D59,Sheet1!$D$2:$D$9999,0),0)} -> 농협 | F59: {=INDEX(Sheet1!$F$2:$F$9999,MATCH(D59,Sheet1!$D$2:$D$9999,0),0)} -> 양동인 | G59: ㅇ | H59: {=INDEX(Sheet1!$H$2:$H$9999,MATCH(D59,Sheet1!$D$2:$D$9999,0),0)} -> X
A60: {=INDEX(은행코드!$B$1:$B$24,MATCH(E60,은행코드!$A$1:$A$24,0),0)} -> 020 | B60: {=INDEX(Sheet1!$B$2:$B$9999,MATCH(D60,Sheet1!$D$2:$D$9999,0),0)} -> 1002237068659 | C60: 23000 | D60: 멜트 | E60: {=INDEX(Sheet1!$E$2:$E$9999,MATCH(D60,Sheet1!$D$2:$D$9999,0),0)} -> 우리 | F60: {=INDEX(Sheet1!$F$2:$F$9999,MATCH(D60,Sheet1!$D$2:$D$9999,0),0)} -> 나동수 | G60: ㅇ | H60: {=INDEX(Sheet1!$H$2:$H$9999,MATCH(D60,Sheet1!$D$2:$D$9999,0),0)} -> X
... A71: {=INDEX(은행코드!$B$1:$B$24,MATCH(E71,은행코드!$A$1:$A$24,0),0)} -> 004 | B71: {=INDEX(Sheet1!$B$2:$B$9999,MATCH(D71,Sheet1!$D$2:$D$9999,0),0)} -> 41430101172768 | C71: 220000 | D71: 레인우드 | E71: {=INDEX(Sheet1!$E$2:$E$9999,MATCH(D71,Sheet1!$D$2:$D$9999,0),0)} -> 국민 | F71: {=INDEX(Sheet1!$F$2:$F$9999,MATCH(D71,Sheet1!$D$2:$D$9999,0),0)} -> 라브레아(김혜림) | G71: ㅇ | H71: {=INDEX(Sheet1!$H$2:$H$9999,MATCH(D71,Sheet1!$D$2:$D$9999,0),0)} -> X
A72: {=INDEX(은행코드!$B$1:$B$24,MATCH(E72,은행코드!$A$1:$A$24,0),0)} -> 088 | B72: 140014250242 | C72: 7000 | D72: 레고레고 | E72: 신한 | F72: (주)레고레고 | G72: ㅇ | H72: X
A73: {=INDEX(은행코드!$B$1:$B$24,MATCH(E73,은행코드!$A$1:$A$24,0),0)} -> 003 | B73: {=INDEX(Sheet1!$B$2:$B$9999,MATCH(D73,Sheet1!$D$2:$D$9999,0),0)} -> 41505575601011 | C73: 18000 | D73: 럽모어 | E73: {=INDEX(Sheet1!$E$2:$E$9999,MATCH(D73,Sheet1!$D$2:$D$9999,0),0)} -> 기업 | F73: {=INDEX(Sheet1!$F$2:$F$9999,MATCH(D73,Sheet1!$D$2:$D$9999,0),0)} -> 윤은지 | G73: ㅇ | H73: {=INDEX(Sheet1!$H$2:$H$9999,MATCH(D73,Sheet1!$D$2:$D$9999,0),0)} -> X
A74: {=INDEX(은행코드!$B$1:$B$24,MATCH(E74,은행코드!$A$1:$A$24,0),0)} -> 020 | B74: {=INDEX(Sheet1!$B$2:$B$9999,MATCH(D74,Sheet1!$D$2:$D$9999,0),0)} -> 1005304084206 | C74: 12000 | D74: 따봉 | E74: {=INDEX(Sheet1!$E$2:$E$9999,MATCH(D74,Sheet1!$D$2:$D$9999,0),0)} -> 우리 | F74: {=INDEX(Sheet1!$F$2:$F$9999,MATCH(D74,Sheet1!$D$2:$D$9999,0),0)} -> 주식회사 따봉 | G74: ㅇ | H74: {=INDEX(Sheet1!$H$2:$H$9999,MATCH(D74,Sheet1!$D$2:$D$9999,0),0)} -> X
A75: {=INDEX(은행코드!$B$1:$B$24,MATCH(E75,은행코드!$A$1:$A$24,0),0)} -> 088 | B75: {=INDEX(Sheet1!$B$2:$B$9999,MATCH(D75,Sheet1!$D$2:$D$9999,0),0)} -> 140014314677 | C75: 66000 | D75: 디티엠 | E75: {=INDEX(Sheet1!$E$2:$E$9999,MATCH(D75,Sheet1!$D$2:$D$9999,0),0)} -> 신한 | F75: {=INDEX(Sheet1!$F$2:$F$9999,MATCH(D75,Sheet1!$D$2:$D$9999,0),0)} -> ㈜위원트 | G75: ㅇ | H75: {=INDEX(Sheet1!$H$2:$H$9999,MATCH(D75,Sheet1!$D$2:$D$9999,0),0)} -> X
A76: {=INDEX(은행코드!$B$1:$B$24,MATCH(E76,은행코드!$A$1:$A$24,0),0)} -> 081 | B76: {=INDEX(Sheet1!$B$2:$B$9999,MATCH(D76,Sheet1!$D$2:$D$9999,0),0)} -> 28091001968104 | C76: 45000 | D76: 디벨롭 | E76: {=INDEX(Sheet1!$E$2:$E$9999,MATCH(D76,Sheet1!$D$2:$D$9999,0),0)} -> 하나 | F76: {=INDEX(Sheet1!$F$2:$F$9999,MATCH(D76,Sheet1!$D$2:$D$9999,0),0)} -> 주식회사 앰엔디 | G76: ㅇ | H76: {=INDEX(Sheet1!$H$2:$H$9999,MATCH(D76,Sheet1!$D$2:$D$9999,0),0)} -> X
A77: {=INDEX(은행코드!$B$1:$B$24,MATCH(E77,은행코드!$A$1:$A$24,0),0)} -> 004 | B77: {=INDEX(Sheet1!$B$2:$B$9999,MATCH(D77,Sheet1!$D$2:$D$9999,0),0)} -> 80753704011432 | C77: 18000 | D77: 디반 | E77: {=INDEX(Sheet1!$E$2:$E$9999,MATCH(D77,Sheet1!$D$2:$D$9999,0),0)} -> 국민 | F77: {=INDEX(Sheet1!$F$2:$F$9999,MATCH(D77,Sheet1!$D$2:$D$9999,0),0)} -> 이반석(디반(DBAN)) | G77: ㅇ | H77: {=INDEX(Sheet1!$H$2:$H$9999,MATCH(D77,Sheet1!$D$2:$D$9999,0),0)} -> X
A78: {=INDEX(은행코드!$B$1:$B$24,MATCH(E78,은행코드!$A$1:$A$24,0),0)} -> 020 | B78: {=INDEX(Sheet1!$B$2:$B$9999,MATCH(D78,Sheet1!$D$2:$D$9999,0),0)} -> 1005704817308 | C78: 27000 | D78: 두유 | E78: {=INDEX(Sheet1!$E$2:$E$9999,MATCH(D78,Sheet1!$D$2:$D$9999,0),0)} -> 우리 | F78: {=INDEX(Sheet1!$F$2:$F$9999,MATCH(D78,Sheet1!$D$2:$D$9999,0),0)} -> 주식회사 두유 | G78: ㅇ | H78: {=INDEX(Sheet1!$H$2:$H$9999,MATCH(D78,Sheet1!$D$2:$D$9999,0),0)} -> X
A79: {=INDEX(은행코드!$B$1:$B$24,MATCH(E79,은행코드!$A$1:$A$24,0),0)} -> 081 | B79: {=INDEX(Sheet1!$B$2:$B$9999,MATCH(D79,Sheet1!$D$2:$D$9999,0),0)} -> 16691001776604 | C79: 38000 | D79: 데일르 | E79: {=INDEX(Sheet1!$E$2:$E$9999,MATCH(D79,Sheet1!$D$2:$D$9999,0),0)} -> 하나 | F79: {=INDEX(Sheet1!$F$2:$F$9999,MATCH(D79,Sheet1!$D$2:$D$9999,0),0)} -> 주식회사 데일르 | G79: ㅇ | H79: {=INDEX(Sheet1!$H$2:$H$9999,MATCH(D79,Sheet1!$D$2:$D$9999,0),0)} -> X
A80: {=INDEX(은행코드!$B$1:$B$24,MATCH(E80,은행코드!$A$1:$A$24,0),0)} -> 020 | B80: {=INDEX(Sheet1!$B$2:$B$9999,MATCH(D80,Sheet1!$D$2:$D$9999,0),0)} -> 1005784201022 | C80: 11000 | D80: 더본 | E80: {=INDEX(Sheet1!$E$2:$E$9999,MATCH(D80,Sheet1!$D$2:$D$9999,0),0)} -> 우리 | F80: {=INDEX(Sheet1!$F$2:$F$9999,MATCH(D80,Sheet1!$D$2:$D$9999,0),0)} -> 메이드본 | G80: ㅇ | H80: {=INDEX(Sheet1!$H$2:$H$9999,MATCH(D80,Sheet1!$D$2:$D$9999,0),0)} -> O
A81: {=INDEX(은행코드!$B$1:$B$24,MATCH(E81,은행코드!$A$1:$A$24,0),0)} -> 081 | B81: {=INDEX(Sheet1!$B$2:$B$9999,MATCH(D81,Sheet1!$D$2:$D$9999,0),0)} -> 38891019090507 | C81: 10000 | D81: 달팡 | E81: {=INDEX(Sheet1!$E$2:$E$9999,MATCH(D81,Sheet1!$D$2:$D$9999,0),0)} -> 하나 | F81: {=INDEX(Sheet1!$F$2:$F$9999,MATCH(D81,Sheet1!$D$2:$D$9999,0),0)} -> 양혜정 | G81: ㅇ | H81: {=INDEX(Sheet1!$H$2:$H$9999,MATCH(D81,Sheet1!$D$2:$D$9999,0),0)} -> x
A82: {=INDEX(은행코드!$B$1:$B$24,MATCH(E82,은행코드!$A$1:$A$24,0),0)} -> 020 | B82: {=INDEX(Sheet1!$B$2:$B$9999,MATCH(D82,Sheet1!$D$2:$D$9999,0),0)} -> 1005003656847 | C82: 43000 | D82: 니트홀릭 | E82: {=INDEX(Sheet1!$E$2:$E$9999,MATCH(D82,Sheet1!$D$2:$D$9999,0),0)} -> 우리 | F82: {=INDEX(Sheet1!$F$2:$F$9999,MATCH(D82,Sheet1!$D$2:$D$9999,0),0)} -> 송병직(니트홀릭) | G82: ㅇ | H82: {=INDEX(Sheet1!$H$2:$H$9999,MATCH(D82,Sheet1!$D$2:$D$9999,0),0)} -> X
A83: {=INDEX(은행코드!$B$1:$B$24,MATCH(E83,은행코드!$A$1:$A$24,0),0)} -> 081 | B83: {=INDEX(Sheet1!$B$2:$B$9999,MATCH(D83,Sheet1!$D$2:$D$9999,0),0)} -> 18391005493404 | C83: 43000 | D83: 뉴레인보우 | E83: {=INDEX(Sheet1!$E$2:$E$9999,MATCH(D83,Sheet1!$D$2:$D$9999,0),0)} -> 하나 | F83: {=INDEX(Sheet1!$F$2:$F$9999,MATCH(D83,Sheet1!$D$2:$D$9999,0),0)} -> ㈜뉴레인보우 | G83: ㅇ | H83: {=INDEX(Sheet1!$H$2:$H$9999,MATCH(D83,Sheet1!$D$2:$D$9999,0),0)} -> X
A84: {=INDEX(은행코드!$B$1:$B$24,MATCH(E84,은행코드!$A$1:$A$24,0),0)} -> 020 | B84: {=INDEX(Sheet1!$B$2:$B$9999,MATCH(D84,Sheet1!$D$2:$D$9999,0),0)} -> 1002959095655 | C84: 10000 | D84: 노브 | E84: {=INDEX(Sheet1!$E$2:$E$9999,MATCH(D84,Sheet1!$D$2:$D$9999,0),0)} -> 우리 | F84: {=INDEX(Sheet1!$F$2:$F$9999,MATCH(D84,Sheet1!$D$2:$D$9999,0),0)} -> 윤명찬 | G84: ㅇ | H84: {=INDEX(Sheet1!$H$2:$H$9999,MATCH(D84,Sheet1!$D$2:$D$9999,0),0)} -> X
... A87: {=INDEX(은행코드!$B$1:$B$24,MATCH(E87,은행코드!$A$1:$A$24,0),0)} -> 088 | B87: {=INDEX(Sheet1!$B$2:$B$9999,MATCH(D87,Sheet1!$D$2:$D$9999,0),0)} -> 34802627001 | C87: 20000 | D87: 구이공 | E87: {=INDEX(Sheet1!$E$2:$E$9999,MATCH(D87,Sheet1!$D$2:$D$9999,0),0)} -> 신한 | F87: {=INDEX(Sheet1!$F$2:$F$9999,MATCH(D87,Sheet1!$D$2:$D$9999,0),0)} -> 박영규(구이공) | G87: ㅇ | H87: {=INDEX(Sheet1!$H$2:$H$9999,MATCH(D87,Sheet1!$D$2:$D$9999,0),0)} -> x
A88: 081 | B88: 3889100848404 | C88: 52800 | D88: 모노스트릿 | E88: 하나 | F88: 오프닝홀 | G88: ㅇ | H88: X | I88: 1월19일 누락건
A89: 081 | B89: 19991025356107 | C89: 9000 | D89: 발렌티 | E89: 하나 | F89: 배재웅 | G89: ㅇ | H89: X | I89: 2월2일 누락건
A90: 081 | B90: 28091001968104 | C90: 3000 | D90: 디벨롭 | E90: 하나 | F90: 주식회사 앰엔디 | G90: ㅇ | H90: X | I90: 1월 28일 누락건

Sheet 2월 4일
A1: ㅇ | B1: ㅇ | C1: ㅇ | D1: ㅇ | E1: ㅇ | F1: ㅇ | G1: ㅇ | H1: ㅇ
A2: 020 | B2: 1005504775443 | C2: 18000 | D2: 히피스 | E2: 우리 | F2: 이도영(히피스) | G2: ㅇ | H2: X
A3: 090 | B3: 3333289511795 | C3: 54000 | D3: 하이프 | E3: 카카오 | F3: 하이프(HYPE) | G3: ㅇ | H3: X
A4: 088 | B4: 110554774968 | C4: 60000 | D4: 하이앤땡큐 | E4: 신한 | F4: 김승현 | G4: ㅇ | H4: X
A5: 081 | B5: 17191028203607 | C5: 18000 | D5: 하이바 | E5: 하나 | F5: 김태형 | G5: ㅇ | H5: X
A6: 088 | B6: 110604500814 | C6: 77000 | D6: 피크닉 | E6: 신한 | F6: 피크닉 | G6: ㅇ | H6: X
A7: 090 | B7: 3333123250772 | C7: 9000 | D7: 포레나 | E7: 카카오 | F7: 박진성 | G7: ㅇ | H7: X
A8: 088 | B8: 110564250069 | C8: 21000 | D8: 펀치 | E8: 신한 | F8: 양창민(펀치) | G8: ㅇ | H8: X
A9: 088 | B9: 110555436511 | C9: 111000 | D9: 파인파인 | E9: 신한 | F9: 파인파인 | G9: ㅇ | H9: X
A10: 088 | B10: 140014915730 | C10: 420000 | D10: 티오 | E10: 신한 | F10: ㈜패션컴퍼니오성 | G10: ㅇ | H10: X
A11: 020 | B11: 1005603272336 | C11: 12000 | D11: 트웬티 | E11: 우리 | F11: 이한숙 | G11: ㅇ | H11: X
A12: 003 | B12: 01212165604012 | C12: 577500 | D12: 크림베이지 | E12: 기업 | F12: 주식회사 크림베이지어패럴 | G12: ㅇ | H12: O
A13: 004 | B13: 34780104162710 | C13: 285000 | D13: 크레파스 | E13: 국민 | F13: ㈜투앤드컴퍼니 | G13: ㅇ | H13: X
A14: 081 | B14: 28491002673804 | C14: 11000 | D14: 코디63 | E14: 하나 | F14: ㈜코디63 | G14: ㅇ | H14: O
A15: 003 | B15: 01500000197711 | C15: 265100 | D15: 케이디지 | E15: 기업 | F15: 케이디지 | G15: ㅇ | H15: O
A16: 020 | B16: 1005204364297 | C16: 9000 | D16: 카푸 | E16: 우리 | F16: 이현희(카푸) | G16: ㅇ | H16: X
A17: 020 | B17: 1005404757533 | C17: 10000 | D17: 제니퍼 | E17: 우리 | F17: 김미애(제니퍼) | G17: ㅇ | H17: X
A18: 003 | B18: 08606527904019 | C18: 124000 | D18: 일프로 | E18: 기업 | F18: ㈜더일프로 | G18: ㅇ | H18: X
A19: 004 | B19: 05103704007672 | C19: 10000 | D19: 이향 | E19: 국민 | F19: 장소영 | G19: ㅇ | H19: X
... A32: 003 | B32: 06911960504017 | C32: 12000 | D32: 엠제이 | E32: 기업 | F32: 주식회사엠제이룩 | G32: ㅇ | H32: X
A33: 088 | B33: 110425567853 | C33: 9000 | D33: 엘로즈 | E33: 신한 | F33: 이현승엘로즈 | G33: ㅇ | H33: X
A34: 088 | B34: 110517059780 | C34: 17600 | D34: 엔초 | E34: 신한 | F34: 최훈정(엔초) | G34: ㅇ | H34: O
A35: 003 | B35: 02908577101019 | C35: 30800 | D35: 에이에이더블유 | E35: 기업 | F35: 에이에이더블유(권지영) | G35: ㅇ | H35: O
A36: 004 | B36: 21830104363558 | C36: 10000 | D36: 에이러브 | E36: 국민 | F36: 임애경 | G36: ㅇ | H36: X
A37: 088 | B37: 110539887153 | C37: 140000 | D37: 안나 | E37: 신한 | F37: 김수진 | G37: ㅇ | H37: X
A38: 020 | B38: 1005203796625 | C38: 1398000 | D38: 아이티 | E38: 우리 | F38: HKW컴퍼니 | G38: ㅇ | H38: X
A39: 003 | B39: 03205807001012 | C39: 10000 | D39: 아우트 | E39: 기업 | F39: 이윤아 | G39: ㅇ | H39: X
A40: 020 | B40: 1002444084648 | C40: 6000 | D40: 아루팝 | E40: 우리 | F40: 신길섭 | G40: ㅇ | H40: X
A41: 088 | B41: 110564935137 | C41: 28000 | D41: 스크램블 | E41: 신한 | F41: 스크램블 | G41: ㅇ | H41: X
A42: 081 | B42: 38891000310908 | C42: 81000 | D42: 슈퍼스타 | E42: 하나 | F42: 김학영 | G42: ㅇ | H42: X
A43: 003 | B43: 02111218704013 | C43: 14000 | D43: 서울러 | E43: 기업 | F43: 현재광 | G43: ㅇ | H43: X
A44: 081 | B44: 20791052452207 | C44: 8000 | D44: 뿌 | E44: 하나 | F44: 이준미 | G44: ㅇ | H44: X
A45: 004 | B45: 54690101197813 | C45: 13000 | D45: 블랑 | E45: 국민 | F45: 블랑컴퍼니 | G45: ㅇ | H45: X
A46: 020 | B46: 1005404854052 | C46: 58000 | D46: 베베 | E46: 우리 | F46: ㈜베베픽 | G46: ㅇ | H46: X
A47: 088 | B47: 110563422772 | C47: 9000 | D47: 배배 | E47: 신한 | F47: 배문주 | G47: ㅇ | H47: X
A48: 007 | B48: 101023843370 | C48: 1042250 | D48: 밤비 | E48: 수협 | F48: ㈜밤비컴퍼니 | G48: ㅇ | H48: O
A49: 088 | B49: 110489136548 | C49: 9000 | D49: 물고기 | E49: 신한 | F49: 블랙피쉬 | G49: ㅇ | H49: X
A50: 088 | B50: 140013785683 | C50: 42000 | D50: 물 | E50: 신한 | F50: ㈜모아크 | G50: ㅇ | H50: X
A51: 004 | B51: 67650104033532 | C51: 69000 | D51: 무지 | E51: 국민 | F51: 고승재 | G51: ㅇ | H51: X
A52: 011 | B52: 20510651007647 | C52: 120000 | D52: 모기 | E52: 농협 | F52: 양동인 | G52: ㅇ | H52: X
A53: 020 | B53: 1002237068659 | C53: 115000 | D53: 멜트 | E53: 우리 | F53: 나동수 | G53: ㅇ | H53: X
A54: 020 | B54: 1005303431898 | C54: 10000 | D54: 멜로즈 | E54: 우리 | F54: 석용창(멜로즈) | G54: ㅇ | H54: X
A55: 088 | B55: 140013234096 | C55: 111500 | D55: 메이비 | E55: 신한 | F55: ㈜메이비컴퍼니 | G55: ㅇ | H55: X
A56: 003 | B56: 91702676804019 | C56: 174350 | D56: 리자드스탠다드 | E56: 기업 | F56: 리자드스탠다드 | G56: ㅇ | H56: O
A57: 088 | B57: 140015690682 | C57: 56100 | D57: 리디아 | E57: 신한 | F57: ㈜리디아컴퍼니 | G57: ㅇ | H57: O
... A60: 090 | B60: 3333075429507 | C60: 10000 | D60: 로쏘 | E60: 카카오 | F60: 윤주영 | G60: ㅇ | H60: X
A61: 088 | B61: 140014250242 | C61: 7000 | D61: 레고레고 | E61: 신한 | F61: (주)레고레고 | G61: ㅇ | H61: X
A62: 003 | B62: 41505575601011 | C62: 20000 | D62: 럽모어 | E62: 기업 | F62: 윤은지 | G62: ㅇ | H62: X
A63: 088 | B63: 110553817700 | C63: 18000 | D63: 런던프리 | E63: 신한 | F63: 오혜숙 | G63: ㅇ | H63: X
A64: 020 | B64: 1005304084206 | C64: 34000 | D64: 따봉 | E64: 우리 | F64: 주식회사 따봉 | G64: ㅇ | H64: X
A65: 088 | B65: 140014314677 | C65: 65000 | D65: 디티엠 | E65: 신한 | F65: ㈜위원트 | G65: ㅇ | H65: X
A66: 004 | B66: 80753704011432 | C66: 36000 | D66: 디반 | E66: 국민 | F66: 이반석(디반(DBAN)) | G66: ㅇ | H66: X
A67: 088 | B67: 100036090100 | C67: 4400 | D67: 더블데님 | E67: 신한 | F67: 제이와이엠 | G67: ㅇ | H67: O
A68: 020 | B68: 1005784201022 | C68: 11000 | D68: 더본 | E68: 우리 | F68: 메이드본 | G68: ㅇ | H68: O
A69: 081 | B69: 18391005493404 | C69: 56000 | D69: 뉴레인보우 | E69: 하나 | F69: ㈜뉴레인보우 | G69: ㅇ | H69: X
A70: 004 | B70: 28510104133919 | C70: 6000 | D70: 노이 | E70: 국민 | F70: 오현정(노이) | G70: ㅇ | H70: X
A71: 088 | B71: 100031530371 | C71: 208000 | D71: 그랑블루 | E71: 신한 | F71: ㈜그랑블루진 | G71: ㅇ | H71: X
A72: 088 | B72: 100033113780 | C72: 182000 | D72: 그랑데 | E72: 신한 | F72: 그랑데 | G72: ㅇ | H72: X
A73: 088 | B73: 34802627001 | C73: 149000 | D73: 구이공 | E73: 신한 | F73: 박영규(구이공) | G73: ㅇ | H73: x
A74: 004 | B74: 01830104233866 | C74: 468600 | D74: 계란속노른자 | E74: 국민 | F74: 김재영 | G74: ㅇ | H74: O

Sheet 2월 5일
A1: D | B1: D | C1: D | D1: D | E1: D | F1: D | G1: D | H1: D
A2: 003 | B2: 20108343304014 | C2: 12000 | D2: 화이트옐로우 | E2: 기업 | F2: 옐로우이엔엠 주식회사 | G2: ㅇ | H2: X
A3: 090 | B3: 3333289511795 | C3: 81000 | D3: 하이프 | E3: 카카오 | F3: 하이프(HYPE) | G3: ㅇ | H3: X
A4: 081 | B4: 17191028203607 | C4: 18000 | D4: 하이바 | E4: 하나 | F4: 김태형 | G4: ㅇ | H4: X
A5: 088 | B5: 110604500814 | C5: 35000 | D5: 피크닉 | E5: 신한 | F5: 피크닉 | G5: ㅇ | H5: X
A6: 004 | B6: 07300104259173 | C6: 2574000 | D6: 프레쩰 | E6: 국민 | F6: 주현 | G6: ㅇ | H6: X
A7: 090 | B7: 3333123250772 | C7: 45000 | D7: 포레나 | E7: 카카오 | F7: 박진성 | G7: ㅇ | H7: X
A8: 088 | B8: 110316175919 | C8: 24000 | D8: 페어립트 | E8: 신한 | F8: 황두환(페어립트) | G8: ㅇ | H8: X
A9: 003 | B9: 01819320404015 | C9: 5500 | D9: 퍼플그레이 | E9: 기업 | F9: ㈜퍼플그레이어패럴 | G9: ㅇ | H9: O
A10: 088 | B10: 110555436511 | C10: 22000 | D10: 파인파인 | E10: 신한 | F10: 파인파인 | G10: ㅇ | H10: X
A11: 088 | B11: 140014915730 | C11: 24000 | D11: 티오 | E11: 신한 | F11: ㈜패션컴퍼니오성 | G11: ㅇ | H11: X
A12: 020 | B12: 1005603272336 | C12: 12000 | D12: 트웬티 | E12: 우리 | F12: 이한숙 | G12: ㅇ | H12: X
A13: 011 | B13: 3022043205911 | C13: 12500 | D13: 투썸 | E13: 농협 | F13: 투썸 | G13: ㅇ | H13: X
A14: 004 | B14: 34780104162710 | C14: 16000 | D14: 크레파스 | E14: 국민 | F14: ㈜투앤드컴퍼니 | G14: ㅇ | H14: X
A15: 081 | B15: 28491002673804 | C15: 27500 | D15: 코디63 | E15: 하나 | F15: ㈜코디63 | G15: ㅇ | H15: O
A16: 003 | B16: 01500000197711 | C16: 261250 | D16: 케이디지 | E16: 기업 | F16: 케이디지 | G16: ㅇ | H16: O
A17: 004 | B17: 59280104131903 | C17: 111000 | D17: 치퍼 | E17: 국민 | F17: 최현준(치퍼(CHIPPER)) | G17: ㅇ | H17: X
A18: 088 | B18: 140012386934 | C18: 11000 | D18: 지엔 | E18: 신한 | F18: ㈜지엔어패럴 | G18: ㅇ | H18: X
A19: 003 | B19: 08606527904019 | C19: 35000 | D19: 일프로 | E19: 기업 | F19: ㈜더일프로 | G19: ㅇ | H19: X
... A24: 020 | B24: 1005404565023 | C24: 9000 | D24: 유돈노미 | E24: 우리 | F24: 유돈노미 | G24: ㅇ | H24: X
A25: 090 | B25: 3333267395045 | C25: 24000 | D25: 유니모어 | E25: 카카오 | F25: 이석일(유니모어) | G25: ㅇ | H25: x
A26: 081 | B26: 22191002103004 | C26: 1454200 | D26: 위클리 | E26: 하나 | F26: 주식회사제이와이글로벌패션그룹 | G26: ㅇ | H26: O
A27: 020 | B27: 1005104702925 | C27: 74000 | D27: 우트 | E27: 우리 | F27: ㈜오오티제이 오리진 | G27: ㅇ | H27: O
A28: 020 | B28: 1005201847414 | C28: 11000 | D28: 오즈의마법사 | E28: 우리 | F28: 송윤진 | G28: ㅇ | H28: X
A29: 088 | B29: 140012598030 | C29: 33000 | D29: 오즈브릿지 | E29: 신한 | F29: ㈜오즈브릿지 | G29: ㅇ | H29: ㅇ
A30: 088 | B30: 140015691630 | C30: 21000 | D30: 오드 | E30: 신한 | F30: 주식회사 오드점 | G30: ㅇ | H30: X
A31: 020 | B31: 1005504495386 | C31: 240000 | D31: 여기 | E31: 우리 | F31: 에브리웨어 | G31: ㅇ | H31: X
A32: 088 | B32: 140013987091 | C32: 50000 | D32: 엣지 | E32: 신한 | F32: ㈜이디지이(EDGE) | G32: ㅇ | H32: X
A33: 088 | B33: 110425567853 | C33: 45000 | D33: 엘로즈 | E33: 신한 | F33: 이현승엘로즈 | G33: ㅇ | H33: X
A34: 048 | B34: 131022256342 | C34: 12000 | D34: 에이치베스트 | E34: 신협 | F34: ㈜에이치베스트 | G34: ㅇ | H34: X
A35: 003 | B35: 02908577101019 | C35: 75900 | D35: 에이에이더블유 | E35: 기업 | F35: 에이에이더블유(권지영) | G35: ㅇ | H35: O
A36: 088 | B36: 110539887153 | C36: 109000 | D36: 안나 | E36: 신한 | F36: 김수진 | G36: ㅇ | H36: X
A37: 020 | B37: 1005203796625 | C37: 135000 | D37: 아이티 | E37: 우리 | F37: HKW컴퍼니 | G37: ㅇ | H37: X
A38: 004 | B38: 00730104080518 | C38: 9000 | D38: 썸머 | E38: 국민 | F38: 최환준 | G38: ㅇ | H38: x
A39: 088 | B39: 110564935137 | C39: 12000 | D39: 스크램블 | E39: 신한 | F39: 스크램블 | G39: ㅇ | H39: X
A40: 081 | B40: 38891000310908 | C40: 50000 | D40: 슈퍼스타 | E40: 하나 | F40: 김학영 | G40: ㅇ | H40: X
A41: 088 | B41: 140014903450 | C41: 14000 | D41: 슈퍼땅콩 | E41: 신한 | F41: 슈퍼땅콩 | G41: ㅇ | H41: X
A42: 088 | B42: 110196330916 | C42: 15000 | D42: 솜솜 | E42: 신한 | F42: 장애리 | G42: ㅇ | H42: X
A43: 081 | B43: 20791052452207 | C43: 24000 | D43: 뿌 | E43: 하나 | F43: 이준미 | G43: ㅇ | H43: X
A44: 020 | B44: 1005303657353 | C44: 13000 | D44: 빨주노초 | E44: 우리 | F44: 정종인 | G44: ㅇ | H44: X
A45: 004 | B45: 54690101197813 | C45: 13000 | D45: 블랑 | E45: 국민 | F45: 블랑컴퍼니 | G45: ㅇ | H45: X
A46: 004 | B46: 93390101228298 | C46: 120000 | D46: 브이브이브이 | E46: 국민 | F46: 권순범(브이브이브이) | G46: ㅇ | H46: X
A47: 004 | B47: 34780104163197 | C47: 62000 | D47: 별대봉 | E47: 국민 | F47: ㈜투앤드컴퍼니 | G47: ㅇ | H47: X
A48: 020 | B48: 1005404854052 | C48: 14500 | D48: 베베 | E48: 우리 | F48: ㈜베베픽 | G48: ㅇ | H48: X
A49: 088 | B49: 110563422772 | C49: 2000 | D49: 배배 | E49: 신한 | F49: 배문주 | G49: ㅇ | H49: X
A50: 007 | B50: 101023843370 | C50: 235400 | D50: 밤비 | E50: 수협 | F50: ㈜밤비컴퍼니 | G50: ㅇ | H50: O
A51: 007 | B51: 101023336372 | C51: 120000 | D51: 몰핀 | E51: 수협 | F51: 이유진 | G51: ㅇ | H51: X
A52: 003 | B52: 08606419801019 | C52: 12900 | D52: 모리 | E52: 기업 | F52: 모리(송승현) | G52: ㅇ | H52: X
A53: 020 | B53: 1005303431898 | C53: 100000 | D53: 멜로즈 | E53: 우리 | F53: 석용창(멜로즈) | G53: ㅇ | H53: X
A54: 088 | B54: 140013234096 | C54: 123000 | D54: 메이비 | E54: 신한 | F54: ㈜메이비컴퍼니 | G54: ㅇ | H54: X
A55: 088 | B55: 140012077981 | C55: 10000 | D55: 마이티 | E55: 신한 | F55: ㈜마이마이티 | G55: ㅇ | H55: X
A56: 088 | B56: 100036782981 | C56: 1100 | D56: 마루컴퍼니 | E56: 신한 | F56: ㈜마루컴퍼니 | G56: ㅇ | H56: O
A57: 004 | B57: 40910201249139 | C57: 46000 | D57: 림샵 | E57: 국민 | F57: 임순철 | G57: ㅇ | H57: X
A58: 003 | B58: 91702676804019 | C58: 220000 | D58: 리자드스탠다드 | E58: 기업 | F58: 리자드스탠다드 | G58: ㅇ | H58: O
A59: 088 | B59: 100033404211 | C59: 39000 | D59: 리마인드 | E59: 신한 | F59: ㈜디투어패럴 | G59: ㅇ | H59: X
A60: 088 | B60: 140015690682 | C60: 31900 | D60: 리디아 | E60: 신한 | F60: ㈜리디아컴퍼니 | G60: ㅇ | H60: O
A61: 088 | B61: 100036383077 | C61: 12000 | D61: 롱롱 | E61: 신한 | F61: 안병철 | G61: ㅇ | H61: X
A62: 088 | B62: 140014250242 | C62: 7000 | D62: 레고레고 | E62: 신한 | F62: (주)레고레고 | G62: ㅇ | H62: X
A63: 003 | B63: 41505575601011 | C63: 31000 | D63: 럽모어 | E63: 기업 | F63: 윤은지 | G63: ㅇ | H63: X
A64: 020 | B64: 1005004216321 | C64: 192500 | D64: 라라라 | E64: 우리 | F64: 차대승 | G64: ㅇ | H64: ㅇ
A65: 020 | B65: 1005304084206 | C65: 30000 | D65: 따봉 | E65: 우리 | F65: 주식회사 따봉 | G65: ㅇ | H65: X
A66: 088 | B66: 140014314677 | C66: 51000 | D66: 디티엠 | E66: 신한 | F66: ㈜위원트 | G66: ㅇ | H66: X
A67: 004 | B67: 80753704008339 | C67: 52000 | D67: 도레미씨 | E67: 국민 | F67: ㈜도레미씨 | G67: ㅇ | H67: X
A68: 081 | B68: 16691001776604 | C68: 10000 | D68: 데일르 | E68: 하나 | F68: 주식회사 데일르 | G68: ㅇ | H68: X
A69: 088 | B69: 140013288464 | C69: 7000 | D69: 니뜨야 | E69: 신한 | F69: 주식회사 니뜨야 | G69: ㅇ | H69: X
A70: 081 | B70: 18391005493404 | C70: 12000 | D70: 뉴레인보우 | E70: 하나 | F70: ㈜뉴레인보우 | G70: ㅇ | H70: X
A71: 081 | B71: 15391063644307 | C71: 9000 | D71: 논제 | E71: 하나 | F71: 논제 | G71: ㅇ | H71: X
A72: 004 | B72: 28510104133919 | C72: 6000 | D72: 노이 | E72: 국민 | F72: 오현정(노이) | G72: ㅇ | H72: X
A73: 088 | B73: 100031530371 | C73: 126000 | D73: 그랑블루 | E73: 신한 | F73: ㈜그랑블루진 | G73: ㅇ | H73: X
A74: 088 | B74: 110563422772 | C74: 50400 | D74: 배배 | E74: 신한 | F74: 배문주 | G74: ㅇ | H74: X | I74: 1월세액
A75: 023 | B75: 16120307428 | C75: 2600 | D75: 수앤수 | E75: SC | F75: 김혜숙 | G75: ㅇ | H75: X | I75: 누락추가입금
A76: 088 | B76: 140013987091 | C76: 12000 | D76: 엣지 | E76: 신한 | F76: ㈜이디지이(EDGE) | G76: ㅇ | H76: X | I76: 누락추가입금

Sheet 2월 6일
A1: ㅇ | B1: ㅇ | C1: ㅇ | D1: ㅇ | E1: ㅇ | F1: ㅇ | G1: ㅇ | H1: ㅇ
A2: 020 | B2: 1005603106537 | C2: 216000 | D2: 힙블리 | E2: 우리 | F2: 오승미 | G2: ㅇ | H2: x
A3: 020 | B3: 1005504775443 | C3: 70000 | D3: 히피스 | E3: 우리 | F3: 이도영(히피스) | G3: ㅇ | H3: X
A4: 081 | B4: 17191028203607 | C4: 18000 | D4: 하이바 | E4: 하나 | F4: 김태형 | G4: ㅇ | H4: X
A5: 004 | B5: 07300104259173 | C5: 2600000 | D5: 프레쩰 | E5: 국민 | F5: 주현 | G5: ㅇ | H5: X
A6: 088 | B6: 140013540787 | C6: 14000 | D6: 풀하우스 | E6: 신한 | F6: 주식회사 풀하우스컴퍼니 김기완 | G6: ㅇ | H6: X
A7: 090 | B7: 3333123250772 | C7: 90000 | D7: 포레나 | E7: 카카오 | F7: 박진성 | G7: ㅇ | H7: X
A8: 003 | B8: 01819320404015 | C8: 6050 | D8: 퍼플그레이 | E8: 기업 | F8: ㈜퍼플그레이어패럴 | G8: ㅇ | H8: O
A9: 088 | B9: 110489581929 | C9: 14000 | D9: 팔로우비 | E9: 신한 | F9: 변입섭 팔로우비 | G9: ㅇ | H9: X
A10: 004 | B10: 34780104162710 | C10: 144000 | D10: 크레파스 | E10: 국민 | F10: ㈜투앤드컴퍼니 | G10: ㅇ | H10: X
A11: 081 | B11: 28491002673804 | C11: 1384900 | D11: 코디63 | E11: 하나 | F11: ㈜코디63 | G11: ㅇ | H11: O
A12: 003 | B12: 01500000197711 | C12: 287100 | D12: 케이디지 | E12: 기업 | F12: 케이디지 | G12: ㅇ | H12: O
A13: 020 | B13: 1005903426037 | C13: 7700 | D13: 제이덕 | E13: 우리 | F13: ㈜에이치케이더블류컴퍼니 | G13: ㅇ | H13: O
A14: 003 | B14: 08606527904019 | C14: 70000 | D14: 일프로 | E14: 기업 | F14: ㈜더일프로 | G14: ㅇ | H14: X
A15: 003 | B15: 08606354904011 | C15: 28000 | D15: 이퓨 | E15: 기업 | F15: ㈜티센 | G15: ㅇ | H15: X
A16: 090 | B16: 3333267395045 | C16: 12000 | D16: 유니모어 | E16: 카카오 | F16: 이석일(유니모어) | G16: ㅇ | H16: x
A17: 081 | B17: 22191002103004 | C17: 423500 | D17: 위클리 | E17: 하나 | F17: 주식회사제이와이글로벌패션그룹 | G17: ㅇ | H17: O
A18: 004 | B18: 06880104407136 | C18: 12000 | D18: 웨이비 | E18: 국민 | F18: 웨이비 임솔 | G18: ㅇ | H18: X
A19: 003 | B19: 03014341201010 | C19: 132000 | D19: 원 | E19: 기업 | F19: 윤채원 | G19: ㅇ | H19: X
A20: 088 | B20: 140015691630 | C20: 27000 | D20: 오드 | E20: 신한 | F20: 주식회사 오드점 | G20: ㅇ | H20: X
A21: 088 | B21: 110555467484 | C21: 28000 | D21: 오도시 | E21: 신한 | F21: 임창현/오도시 | G21: ㅇ | H21: X
A22: 088 | B22: 110517059780 | C22: 31900 | D22: 엔초 | E22: 신한 | F22: 최훈정(엔초) | G22: ㅇ | H22: O
A23: 088 | B23: 110539887153 | C23: 110000 | D23: 안나 | E23: 신한 | F23: 김수진 | G23: ㅇ | H23: X
A24: 004 | B24: 40913701004859 | C24: 10000 | D24: 아페리얼 | E24: 국민 | F24: ㈜아페리얼 | G24: ㅇ | H24: X
A25: 020 | B25: 1005203796625 | C25: 99000 | D25: 아이티 | E25: 우리 | F25: HKW컴퍼니 | G25: ㅇ | H25: X
A26: 088 | B26: 110458824187 | C26: 8000 | D26: 썸모어 | E26: 신한 | F26: 오재훈 | G26: ㅇ | H26: X
A27: 088 | B27: 110564935137 | C27: 11000 | D27: 스크램블 | E27: 신한 | F27: 스크램블 | G27: ㅇ | H27: X
A28: 081 | B28: 38891000310908 | C28: 138000 | D28: 슈퍼스타 | E28: 하나 | F28: 김학영 | G28: ㅇ | H28: X
A29: 088 | B29: 140014903450 | C29: 14000 | D29: 슈퍼땅콩 | E29: 신한 | F29: 슈퍼땅콩 | G29: ㅇ | H29: X
A30: 088 | B30: 110196330916 | C30: 15000 | D30: 솜솜 | E30: 신한 | F30: 장애리 | G30: ㅇ | H30: X
A31: 088 | B31: 140015691122 | C31: 26000 | D31: 브리니 | E31: 신한 | F31: ㈜브리니랩 | G31: ㅇ | H31: X
A32: 004 | B32: 34780104163197 | C32: 20000 | D32: 별대봉 | E32: 국민 | F32: ㈜투앤드컴퍼니 | G32: ㅇ | H32: X
A33: 004 | B33: 40910101299531 | C33: 65000 | D33: 버프 | E33: 국민 | F33: 박성계 | G33: ㅇ | H33: X
A34: 003 | B34: 01815504204011 | C34: 35000 | D34: 버튼 | E34: 기업 | F34: ㈜슈앤걸 | G34: ㅇ | H34: X
A35: 007 | B35: 101023843370 | C35: 431750 | D35: 밤비 | E35: 수협 | F35: ㈜밤비컴퍼니 | G35: ㅇ | H35: O
A36: 081 | B36: 19991025356107 | C36: 90000 | D36: 발렌티 | E36: 하나 | F36: 배재웅 | G36: ㅇ | H36: X
A37: 088 | B37: 110489136548 | C37: 9000 | D37: 물고기 | E37: 신한 | F37: 블랙피쉬 | G37: ㅇ | H37: X
A38: 003 | B38: 08606410601017 | C38: 30000 | D38: 몽땅 | E38: 기업 | F38: 몽땅 김희진 | G38: ㅇ | H38: X
A39: 088 | B39: 110482827794 | C39: 8000 | D39: 몽구스 | E39: 신한 | F39: 박은주 | G39: ㅇ | H39: X
A40: 007 | B40: 101023336372 | C40: 72000 | D40: 몰핀 | E40: 수협 | F40: 이유진 | G40: ㅇ | H40: X
A41: 020 | B41: 1005303431898 | C41: 10000 | D41: 멜로즈 | E41: 우리 | F41: 석용창(멜로즈) | G41: ㅇ | H41: X
A42: 088 | B42: 140013234096 | C42: 473000 | D42: 메이비 | E42: 신한 | F42: ㈜메이비컴퍼니 | G42: ㅇ | H42: X
... A47: 003 | B47: 41505575601011 | C47: 33000 | D47: 럽모어 | E47: 기업 | F47: 윤은지 | G47: ㅇ | H47: X
A48: 088 | B48: 110553817700 | C48: 18000 | D48: 런던프리 | E48: 신한 | F48: 오혜숙 | G48: ㅇ | H48: X
A49: 020 | B49: 1005304084206 | C49: 13000 | D49: 따봉 | E49: 우리 | F49: 주식회사 따봉 | G49: ㅇ | H49: X
A50: 088 | B50: 140014314677 | C50: 93000 | D50: 디티엠 | E50: 신한 | F50: ㈜위원트 | G50: ㅇ | H50: X
A51: 081 | B51: 28091001968104 | C51: 21000 | D51: 디벨롭 | E51: 하나 | F51: 주식회사 앰엔디 | G51: ㅇ | H51: X
A52: 004 | B52: 80753704008339 | C52: 39000 | D52: 도레미씨 | E52: 국민 | F52: ㈜도레미씨 | G52: ㅇ | H52: X
A53: 003 | B53: 01818868201016 | C53: 24200 | D53: 더블유모즈 | E53: 기업 | F53: ㈜모즈패션 | G53: ㅇ | H53: O
A54: 020 | B54: 1005003656847 | C54: 28000 | D54: 니트홀릭 | E54: 우리 | F54: 송병직(니트홀릭) | G54: ㅇ | H54: X
A55: 081 | B55: 18391005493404 | C55: 52000 | D55: 뉴레인보우 | E55: 하나 | F55: ㈜뉴레인보우 | G55: ㅇ | H55: X
A56: 020 | B56: 1005204451258 | C56: 9000 | D56: 글램 | E56: 우리 | F56: ㈜글램스토어 | G56: ㅇ | H56: X
A57: 088 | B57: 100031530371 | C57: 331000 | D57: 그랑블루 | E57: 신한 | F57: ㈜그랑블루진 | G57: ㅇ | H57: X
A58: 088 | B58: 100031530371 | C58: 19000 | D58: 그랑블루 | E58: 신한 | F58: ㈜그랑블루진 | G58: ㅇ | H58: X | I58: 전날 누락분
A59: 088 | B59: 34802627001 | C59: 40000 | D59: 구이공 | E59: 신한 | F59: 박영규(구이공) | G59: ㅇ | H59: x
A60: 081 | B60: 19991025356107 | C60: 90000 | D60: 발렌티 | E60: 하나 | F60: 배재웅 | G60: ㅇ | H60: X | I60: 2월4일 미송 누락건

Sheet 2월 9일
A1: ㅇ | B1: ㅇ | C1: ㅇ | D1: ㅇ | E1: ㅇ | F1: ㅇ | G1: ㅇ | H1: ㅇ
A2: 020 | B2: 1005504775443 | C2: 65000 | D2: 히피스 | E2: 우리 | F2: 이도영(히피스) | G2: ㅇ | H2: X
A3: 004 | B3: 07980104150351 | C3: 21000 | D3: 히든힐즈 | E3: 국민 | F3: 곽선우(히든힐스) | G3: ㅇ | H3: X
A4: 088 | B4: 110607909500 | C4: 18000 | D4: 후크 | E4: 신한 | F4: 최문수 | G4: ㅇ | H4: X
A5: 020 | B5: 1005603730629 | C5: 8000 | D5: 홀리몰리 | E5: 우리 | F5: 홀리몰리 | G5: ㅇ | H5: X
A6: 090 | B6: 3333289511795 | C6: 810000 | D6: 하이프 | E6: 카카오 | F6: 하이프(HYPE) | G6: ㅇ | H6: X
A7: 088 | B7: 110554774968 | C7: 130000 | D7: 하이앤땡큐 | E7: 신한 | F7: 김승현 | G7: ㅇ | H7: X
A8: 081 | B8: 17191028203607 | C8: 99000 | D8: 하이바 | E8: 하나 | F8: 김태형 | G8: ㅇ | H8: X
A9: 004 | B9: 79660104124093 | C9: 19000 | D9: 하루하 | E9: 국민 | F9: 하루하 | G9: ㅇ | H9: X
A10: 003 | B10: 01041961598 | C10: 39000 | D10: 플레이 | E10: 기업 | F10: 김미라(플레이) | G10: ㅇ | H10: X
A11: 088 | B11: 140013540787 | C11: 42000 | D11: 풀하우스 | E11: 신한 | F11: 주식회사 풀하우스컴퍼니 김기완 | G11: ㅇ | H11: X
A12: 088 | B12: 110316175919 | C12: 72000 | D12: 페어립트 | E12: 신한 | F12: 황두환(페어립트) | G12: ㅇ | H12: X
A13: 003 | B13: 01819320404015 | C13: 77550 | D13: 퍼플그레이 | E13: 기업 | F13: ㈜퍼플그레이어패럴 | G13: ㅇ | H13: O
A14: 020 | B14: 1005602130034 | C14: 15000 | D14: 퍼블릭 | E14: 우리 | F14: ㈜진성 | G14: ㅇ | H14: X
A15: 088 | B15: 110489581929 | C15: 14000 | D15: 팔로우비 | E15: 신한 | F15: 변입섭 팔로우비 | G15: ㅇ | H15: X
A16: 088 | B16: 140014915730 | C16: 52000 | D16: 티오 | E16: 신한 | F16: ㈜패션컴퍼니오성 | G16: ㅇ | H16: X
A17: 011 | B17: 3022043205911 | C17: 12500 | D17: 투썸 | E17: 농협 | F17: 투썸 | G17: ㅇ | H17: X
A18: 003 | B18: 01212165604012 | C18: 40150 | D18: 크림베이지 | E18: 기업 | F18: 주식회사 크림베이지어패럴 | G18: ㅇ | H18: O
A19: 004 | B19: 34780104162710 | C19: 312000 | D19: 크레파스 | E19: 국민 | F19: ㈜투앤드컴퍼니 | G19: ㅇ | H19: X
A20: 081 | B20: 28491002673804 | C20: 154000 | D20: 코디63 | E20: 하나 | F20: ㈜코디63 | G20: ㅇ | H20: O
A21: 020 | B21: 35007115702103 | C21: 6000 | D21: 케이스타 | E21: 우리 | F21: 임미선 | G21: ㅇ | H21: X
A22: 003 | B22: 01500000197711 | C22: 623700 | D22: 케이디지 | E22: 기업 | F22: 케이디지 | G22: ㅇ | H22: O
A23: 020 | B23: 1005003797667 | C23: 11000 | D23: 컴온 | E23: 우리 | F23: ㈜에이치케이더블류컴퍼니 | G23: ㅇ | H23: X
A24: 004 | B24: 59280104131903 | C24: 87000 | D24: 치퍼 | E24: 국민 | F24: 최현준(치퍼(CHIPPER)) | G24: ㅇ | H24: X
A25: 081 | B25: 13502366500508 | C25: 3000 | D25: 제이케이 | E25: 하나 | F25: 김진규 | G25: ㅇ | H25: X
A26: 081 | B26: 28191003840204 | C26: 92000 | D26: 저기 | E26: 하나 | F26: 에브리웨어 | G26: ㅇ | H26: X
A27: 004 | B27: 05103704007672 | C27: 28000 | D27: 이향 | E27: 국민 | F27: 장소영 | G27: ㅇ | H27: X
A28: 003 | B28: 08606354904011 | C28: 14000 | D28: 이퓨 | E28: 기업 | F28: ㈜티센 | G28: ㅇ | H28: X
A29: 081 | B29: 19991017546307 | C29: 83000 | D29: 이사벨라 | E29: 하나 | F29: 조휘호 | G29: ㅇ | H29: X
A30: 081 | B30: 27991001398304 | C30: 32000 | D30: 이고 | E30: 하나 | F30: 더원컴퍼니 | G30: ㅇ | H30: X
A31: 088 | B31: 110224033860 | C31: 54000 | D31: 유리 | E31: 신한 | F31: 박성은 | G31: ㅇ | H31: X
A32: 090 | B32: 3333267395045 | C32: 10000 | D32: 유니모어 | E32: 카카오 | F32: 이석일(유니모어) | G32: ㅇ | H32: x
A33: 081 | B33: 22191002103004 | C33: 2216500 | D33: 위클리 | E33: 하나 | F33: 주식회사제이와이글로벌패션그룹 | G33: ㅇ | H33: O
A34: 004 | B34: 06880104407136 | C34: 12000 | D34: 웨이비 | E34: 국민 | F34: 웨이비 임솔 | G34: ㅇ | H34: X
A35: 003 | B35: 03014341201010 | C35: 12000 | D35: 원 | E35: 기업 | F35: 윤채원 | G35: ㅇ | H35: X
A36: 020 | B36: 1005104702925 | C36: 37000 | D36: 우트 | E36: 우리 | F36: ㈜오오티제이 오리진 | G36: ㅇ | H36: O
A37: 088 | B37: 110474414886 | C37: 19000 | D37: 와이파이 | E37: 신한 | F37: 김예근(WIFI) | G37: ㅇ | H37: X
A38: 020 | B38: 1005201847414 | C38: 22000 | D38: 오즈의마법사 | E38: 우리 | F38: 송윤진 | G38: ㅇ | H38: X
A39: 088 | B39: 140012598030 | C39: 9350 | D39: 오즈브릿지 | E39: 신한 | F39: ㈜오즈브릿지 | G39: ㅇ | H39: ㅇ
A40: 088 | B40: 140015691630 | C40: 65000 | D40: 오드 | E40: 신한 | F40: 주식회사 오드점 | G40: ㅇ | H40: X
A41: 088 | B41: 110555467484 | C41: 34000 | D41: 오도시 | E41: 신한 | F41: 임창현/오도시 | G41: ㅇ | H41: X
A42: 020 | B42: 1005504495386 | C42: 75000 | D42: 여기 | E42: 우리 | F42: 에브리웨어 | G42: ㅇ | H42: X
A43: 088 | B43: 140013987091 | C43: 98000 | D43: 엣지 | E43: 신한 | F43: ㈜이디지이(EDGE) | G43: ㅇ | H43: X
A44: 088 | B44: 110425567853 | C44: 9000 | D44: 엘로즈 | E44: 신한 | F44: 이현승엘로즈 | G44: ㅇ | H44: X
A45: 088 | B45: 110517059780 | C45: 88000 | D45: 엔초 | E45: 신한 | F45: 최훈정(엔초) | G45: ㅇ | H45: O
A46: 003 | B46: 02908577101019 | C46: 28600 | D46: 에이에이더블유 | E46: 기업 | F46: 에이에이더블유(권지영) | G46: ㅇ | H46: O
A47: 020 | B47: 1005804294993 | C47: 9000 | D47: 얼리모닝 | E47: 우리 | F47: 백승갑 | G47: ㅇ | H47: X
A48: 088 | B48: 110539887153 | C48: 207000 | D48: 안나 | E48: 신한 | F48: 김수진 | G48: ㅇ | H48: X
A49: 020 | B49: 1005203796625 | C49: 1009000 | D49: 아이티 | E49: 우리 | F49: HKW컴퍼니 | G49: ㅇ | H49: X
A50: 088 | B50: 110617662074 | C50: 22000 | D50: 아이레 | E50: 신한 | F50: 이호성(아이레) | G50: ㅇ | H50: X
A51: 088 | B51: 100031465474 | C51: 28000 | D51: 아가씨 | E51: 신한 | F51: 이성현 | G51: ㅇ | H51: X
A52: 088 | B52: 140014666714 | C52: 11000 | D52: 쏘냐 | E52: 신한 | F52: 주식회사 지인컴퍼니 | G52: ㅇ | H52: X
A53: 088 | B53: 110564935137 | C53: 155000 | D53: 스크램블 | E53: 신한 | F53: 스크램블 | G53: ㅇ | H53: X
A54: 081 | B54: 38891000310908 | C54: 277000 | D54: 슈퍼스타 | E54: 하나 | F54: 김학영 | G54: ㅇ | H54: X
A55: 088 | B55: 140014903450 | C55: 77000 | D55: 슈퍼땅콩 | E55: 신한 | F55: 슈퍼땅콩 | G55: ㅇ | H55: X
A56: 088 | B56: 110196330916 | C56: 30000 | D56: 솜솜 | E56: 신한 | F56: 장애리 | G56: ㅇ | H56: X
A57: 011 | B57: 06102211447 | C57: 11000 | D57: 사론 | E57: 농협 | F57: 이명숙 | G57: ㅇ | H57: X
A58: 081 | B58: 20791052452207 | C58: 32000 | D58: 뿌 | E58: 하나 | F58: 이준미 | G58: ㅇ | H58: X
A59: 020 | B59: 1005303657353 | C59: 37000 | D59: 빨주노초 | E59: 우리 | F59: 정종인 | G59: ㅇ | H59: X
A60: 020 | B60: 1005604614309 | C60: 15000 | D60: 비트 | E60: 우리 | F60: ㈜커널컴퍼니 | G60: ㅇ | H60: X
A61: 004 | B61: 93390101228298 | C61: 93000 | D61: 브이브이브이 | E61: 국민 | F61: 권순범(브이브이브이) | G61: ㅇ | H61: X
A62: 020 | B62: 1005504464759 | C62: 54000 | D62: 브리즈 | E62: 우리 | F62: 심명섭(브리즈) | G62: ㅇ | H62: X
A63: 088 | B63: 140015691122 | C63: 75000 | D63: 브리니 | E63: 신한 | F63: ㈜브리니랩 | G63: ㅇ | H63: X
A64: 088 | B64: 110529044095 | C64: 15000 | D64: 별콩 | E64: 신한 | F64: 별콩 | G64: ㅇ | H64: X
A65: 004 | B65: 34780104163197 | C65: 36000 | D65: 별대봉 | E65: 국민 | F65: ㈜투앤드컴퍼니 | G65: ㅇ | H65: X
A66: 020 | B66: 1005404854052 | C66: 195000 | D66: 베베 | E66: 우리 | F66: ㈜베베픽 | G66: ㅇ | H66: X
A67: 004 | B67: 40910101299531 | C67: 13000 | D67: 버프 | E67: 국민 | F67: 박성계 | G67: ㅇ | H67: X
A68: 020 | B68: 1005104276736 | C68: 90000 | D68: 배추 | E68: 우리 | F68: 주식회사 배추 | G68: ㅇ | H68: X
A69: 007 | B69: 101023843370 | C69: 832700 | D69: 밤비 | E69: 수협 | F69: ㈜밤비컴퍼니 | G69: ㅇ | H69: O
A70: 004 | B70: 67650104033532 | C70: 759000 | D70: 무지 | E70: 국민 | F70: 고승재 | G70: ㅇ | H70: X
A71: 088 | B71: 110482827794 | C71: 14000 | D71: 몽구스 | E71: 신한 | F71: 박은주 | G71: ㅇ | H71: X
A72: 007 | B72: 101023336372 | C72: 96000 | D72: 몰핀 | E72: 수협 | F72: 이유진 | G72: ㅇ | H72: X
A73: 003 | B73: 08606419801019 | C73: 18900 | D73: 모리 | E73: 기업 | F73: 모리(송승현) | G73: ㅇ | H73: X
A74: 088 | B74: 110384273625 | C74: 20000 | D74: 모노 | E74: 신한 | F74: 조겸부 | G74: ㅇ | H74: X
A75: 011 | B75: 20510651007647 | C75: 120000 | D75: 모기 | E75: 농협 | F75: 양동인 | G75: ㅇ | H75: X
A76: 020 | B76: 1005303431898 | C76: 100000 | D76: 멜로즈 | E76: 우리 | F76: 석용창(멜로즈) | G76: ㅇ | H76: X
... A87: 003 | B87: 41505575601011 | C87: 112000 | D87: 럽모어 | E87: 기업 | F87: 윤은지 | G87: ㅇ | H87: X
A88: 020 | B88: 1005603945585 | C88: 16000 | D88: 럭키 | E88: 우리 | F88: 이승미 | G88: ㅇ | H88: X
A89: 020 | B89: 1005004216321 | C89: 181500 | D89: 라라라 | E89: 우리 | F89: 차대승 | G89: ㅇ | H89: ㅇ
A90: 020 | B90: 1005304084206 | C90: 547000 | D90: 따봉 | E90: 우리 | F90: 주식회사 따봉 | G90: ㅇ | H90: X
A91: 088 | B91: 140014314677 | C91: 187000 | D91: 디티엠 | E91: 신한 | F91: ㈜위원트 | G91: ㅇ | H91: X
A92: 081 | B92: 28091001968104 | C92: 108000 | D92: 디벨롭 | E92: 하나 | F92: 주식회사 앰엔디 | G92: ㅇ | H92: X
A93: 004 | B93: 80753704011432 | C93: 36000 | D93: 디반 | E93: 국민 | F93: 이반석(디반(DBAN)) | G93: ㅇ | H93: X
A94: 004 | B94: 09343704008936 | C94: 4000 | D94: 듀오트레이딩 | E94: 국민 | F94: 정태영 | G94: ㅇ | H94: X
A95: 020 | B95: 1005704817308 | C95: 17000 | D95: 두유 | E95: 우리 | F95: 주식회사 두유 | G95: ㅇ | H95: X
A96: 004 | B96: 80753704008339 | C96: 47000 | D96: 도레미씨 | E96: 국민 | F96: ㈜도레미씨 | G96: ㅇ | H96: X
A97: 088 | B97: 100027504296 | C97: 9000 | D97: 더클리닝 | E97: 신한 | F97: 박재유 더클리닝 | G97: ㅇ | H97: X
A98: 003 | B98: 01818868201016 | C98: 121000 | D98: 더블유모즈 | E98: 기업 | F98: ㈜모즈패션 | G98: ㅇ | H98: O
A99: 081 | B99: 38891019090507 | C99: 42000 | D99: 달팡 | E99: 하나 | F99: 양혜정 | G99: ㅇ | H99: x
A100: 088 | B100: 110540354091 | C100: 12000 | D100: 달다 | E100: 신한 | F100: 오경숙(달다) | G100: ㅇ | H100: X
A101: 020 | B101: 1005003656847 | C101: 54000 | D101: 니트홀릭 | E101: 우리 | F101: 송병직(니트홀릭) | G101: ㅇ | H101: X
A102: 081 | B102: 15391063644307 | C102: 27000 | D102: 논제 | E102: 하나 | F102: 논제 | G102: ㅇ | H102: X
A103: 088 | B103: 100031530371 | C103: 689000 | D103: 그랑블루 | E103: 신한 | F103: ㈜그랑블루진 | G103: ㅇ | H103: X
A104: 088 | B104: 100033113780 | C104: 21000 | D104: 그랑데 | E104: 신한 | F104: 그랑데 | G104: ㅇ | H104: X
A105: 088 | B105: 34802627001 | C105: 40000 | D105: 구이공 | E105: 신한 | F105: 박영규(구이공) | G105: ㅇ | H105: x
A106: 004 | B106: 01830104233866 | C106: 221650 | D106: 계란속노른자 | E106: 국민 | F106: 김재영 | G106: ㅇ | H106: O

Sheet 2월 10일
A1: ㅇ | B1: ㅇ | C1: ㅇ | D1: ㅇ | E1: ㅇ | F1: ㅇ | G1: ㅇ | H1: ㅇ
A2: 003 | B2: 20108343304014 | C2: 11100 | D2: 화이트옐로우 | E2: 기업 | F2: 옐로우이엔엠 주식회사 | G2: ㅇ | H2: X
A3: 090 | B3: 3333289511795 | C3: 81000 | D3: 하이프 | E3: 카카오 | F3: 하이프(HYPE) | G3: ㅇ | H3: X
A4: 088 | B4: 140013540787 | C4: 28000 | D4: 풀하우스 | E4: 신한 | F4: 주식회사 풀하우스컴퍼니 김기완 | G4: ㅇ | H4: X
A5: 003 | B5: 01819320404015 | C5: 12100 | D5: 퍼플그레이 | E5: 기업 | F5: ㈜퍼플그레이어패럴 | G5: ㅇ | H5: O
A6: 088 | B6: 110555436511 | C6: 16000 | D6: 파인파인 | E6: 신한 | F6: 파인파인 | G6: ㅇ | H6: X
A7: 088 | B7: 140014915730 | C7: 12000 | D7: 티오 | E7: 신한 | F7: ㈜패션컴퍼니오성 | G7: ㅇ | H7: X
A8: 020 | B8: 1005603272336 | C8: 36000 | D8: 트웬티 | E8: 우리 | F8: 이한숙 | G8: ㅇ | H8: X
A9: 011 | B9: 3022043205911 | C9: 12500 | D9: 투썸 | E9: 농협 | F9: 투썸 | G9: ㅇ | H9: X
A10: 004 | B10: 34780104162710 | C10: 68000 | D10: 크레파스 | E10: 국민 | F10: ㈜투앤드컴퍼니 | G10: ㅇ | H10: X
A11: 081 | B11: 28491002673804 | C11: 110000 | D11: 코디63 | E11: 하나 | F11: ㈜코디63 | G11: ㅇ | H11: O
A12: 003 | B12: 01500000197711 | C12: 154000 | D12: 케이디지 | E12: 기업 | F12: 케이디지 | G12: ㅇ | H12: O
A13: 004 | B13: 59280104131903 | C13: 31000 | D13: 치퍼 | E13: 국민 | F13: 최현준(치퍼(CHIPPER)) | G13: ㅇ | H13: X
A14: 004 | B14: 34780104108293 | C14: 23000 | D14: 찜 | E14: 국민 | F14: 나정원 | G14: ㅇ | H14: X
A15: 088 | B15: 140012386934 | C15: 23000 | D15: 지엔 | E15: 신한 | F15: ㈜지엔어패럴 | G15: ㅇ | H15: X
A16: 081 | B16: 13502366500508 | C16: 30000 | D16: 제이케이 | E16: 하나 | F16: 김진규 | G16: ㅇ | H16: X
A17: 020 | B17: 1005404757533 | C17: 10000 | D17: 제니퍼 | E17: 우리 | F17: 김미애(제니퍼) | G17: ㅇ | H17: X
A18: 081 | B18: 28191003840204 | C18: 40000 | D18: 저기 | E18: 하나 | F18: 에브리웨어 | G18: ㅇ | H18: X
A19: 004 | B19: 05103704007672 | C19: 10000 | D19: 이향 | E19: 국민 | F19: 장소영 | G19: ㅇ | H19: X
A20: 020 | B20: 1005404565023 | C20: 22500 | D20: 유돈노미 | E20: 우리 | F20: 유돈노미 | G20: ㅇ | H20: X
A21: 090 | B21: 3333267395045 | C21: 13000 | D21: 유니모어 | E21: 카카오 | F21: 이석일(유니모어) | G21: ㅇ | H21: x
A22: 081 | B22: 22191002103004 | C22: 928400 | D22: 위클리 | E22: 하나 | F22: 주식회사제이와이글로벌패션그룹 | G22: ㅇ | H22: O
A23: 004 | B23: 06880104407136 | C23: 12000 | D23: 웨이비 | E23: 국민 | F23: 웨이비 임솔 | G23: ㅇ | H23: X
A24: 004 | B24: 05070104126403 | C24: 24000 | D24: 옥수수 | E24: 국민 | F24: 김민식 | G24: ㅇ | H24: X
A25: 020 | B25: 1005201847414 | C25: 22000 | D25: 오즈의마법사 | E25: 우리 | F25: 송윤진 | G25: ㅇ | H25: X
A26: 088 | B26: 140015691630 | C26: 13500 | D26: 오드 | E26: 신한 | F26: 주식회사 오드점 | G26: ㅇ | H26: X
A27: 088 | B27: 140013987091 | C27: 14000 | D27: 엣지 | E27: 신한 | F27: ㈜이디지이(EDGE) | G27: ㅇ | H27: X
A28: 088 | B28: 110425567853 | C28: 46000 | D28: 엘로즈 | E28: 신한 | F28: 이현승엘로즈 | G28: ㅇ | H28: X
A29: 003 | B29: 02908577101019 | C29: 26400 | D29: 에이에이더블유 | E29: 기업 | F29: 에이에이더블유(권지영) | G29: ㅇ | H29: O
A30: 020 | B30: 1005804294993 | C30: 27000 | D30: 얼리모닝 | E30: 우리 | F30: 백승갑 | G30: ㅇ | H30: X
A31: 088 | B31: 110539887153 | C31: 51000 | D31: 안나 | E31: 신한 | F31: 김수진 | G31: ㅇ | H31: X
A32: 020 | B32: 1005203796625 | C32: 41000 | D32: 아이티 | E32: 우리 | F32: HKW컴퍼니 | G32: ㅇ | H32: X
A33: 088 | B33: 110458824187 | C33: 12000 | D33: 썸모어 | E33: 신한 | F33: 오재훈 | G33: ㅇ | H33: X
A34: 004 | B34: 00730104080518 | C34: 40000 | D34: 썸머 | E34: 국민 | F34: 최환준 | G34: ㅇ | H34: x
A35: 088 | B35: 110564935137 | C35: 88000 | D35: 스크램블 | E35: 신한 | F35: 스크램블 | G35: ㅇ | H35: X
A36: 088 | B36: 140014903450 | C36: 14000 | D36: 슈퍼땅콩 | E36: 신한 | F36: 슈퍼땅콩 | G36: ㅇ | H36: X
A37: 088 | B37: 110196330916 | C37: 10000 | D37: 솜솜 | E37: 신한 | F37: 장애리 | G37: ㅇ | H37: X
A38: 081 | B38: 20791052452207 | C38: 41000 | D38: 뿌 | E38: 하나 | F38: 이준미 | G38: ㅇ | H38: X
A39: 020 | B39: 1005303657353 | C39: 12000 | D39: 빨주노초 | E39: 우리 | F39: 정종인 | G39: ㅇ | H39: X
A40: 020 | B40: 1005504464759 | C40: 18000 | D40: 브리즈 | E40: 우리 | F40: 심명섭(브리즈) | G40: ㅇ | H40: X
A41: 088 | B41: 140015691122 | C41: 46000 | D41: 브리니 | E41: 신한 | F41: ㈜브리니랩 | G41: ㅇ | H41: X
A42: 004 | B42: 34780104163197 | C42: 18000 | D42: 별대봉 | E42: 국민 | F42: ㈜투앤드컴퍼니 | G42: ㅇ | H42: X
A43: 020 | B43: 1005404854052 | C43: 10000 | D43: 베베 | E43: 우리 | F43: ㈜베베픽 | G43: ㅇ | H43: X
A44: 088 | B44: 110563422772 | C44: 7000 | D44: 배배 | E44: 신한 | F44: 배문주 | G44: ㅇ | H44: X
A45: 007 | B45: 101023843370 | C45: 109450 | D45: 밤비 | E45: 수협 | F45: ㈜밤비컴퍼니 | G45: ㅇ | H45: O
A46: 004 | B46: 67650104033532 | C46: 23000 | D46: 무지 | E46: 국민 | F46: 고승재 | G46: ㅇ | H46: X
A47: 088 | B47: 110482827794 | C47: 8000 | D47: 몽구스 | E47: 신한 | F47: 박은주 | G47: ㅇ | H47: X
A48: 007 | B48: 101023336372 | C48: 24000 | D48: 몰핀 | E48: 수협 | F48: 이유진 | G48: ㅇ | H48: X
A49: 081 | B49: 3889100848404 | C49: 16000 | D49: 모노스트릿 | E49: 하나 | F49: 오프닝홀 | G49: ㅇ | H49: X
A50: 011 | B50: 20510651007647 | C50: 24000 | D50: 모기 | E50: 농협 | F50: 양동인 | G50: ㅇ | H50: X
A51: 020 | B51: 1002237068659 | C51: 23000 | D51: 멜트 | E51: 우리 | F51: 나동수 | G51: ㅇ | H51: X
A52: 020 | B52: 1005303431898 | C52: 30000 | D52: 멜로즈 | E52: 우리 | F52: 석용창(멜로즈) | G52: ㅇ | H52: X
A53: 088 | B53: 140013234096 | C53: 246500 | D53: 메이비 | E53: 신한 | F53: ㈜메이비컴퍼니 | G53: ㅇ | H53: X | I53: 전날건
A54: 088 | B54: 140013234096 | C54: 904500 | D54: 메이비 | E54: 신한 | F54: ㈜메이비컴퍼니 | G54: ㅇ | H54: X | I54: 금일건
A55: 088 | B55: 140012077981 | C55: 15000 | D55: 마이티 | E55: 신한 | F55: ㈜마이마이티 | G55: ㅇ | H55: X
A56: 088 | B56: 100036782981 | C56: 35200 | D56: 마루컴퍼니 | E56: 신한 | F56: ㈜마루컴퍼니 | G56: ㅇ | H56: O
A57: 003 | B57: 91702676804019 | C57: 234850 | D57: 리자드스탠다드 | E57: 기업 | F57: 리자드스탠다드 | G57: ㅇ | H57: O
A58: 088 | B58: 100033404211 | C58: 298500 | D58: 리마인드 | E58: 신한 | F58: ㈜디투어패럴 | G58: ㅇ | H58: X
A59: 004 | B59: 03610104060011 | C59: 36000 | D59: 루나 | E59: 국민 | F59: 강승모 | G59: ㅇ | H59: X
A60: 090 | B60: 3333075429507 | C60: 13000 | D60: 로쏘 | E60: 카카오 | F60: 윤주영 | G60: ㅇ | H60: X
A61: 003 | B61: 41505575601011 | C61: 12000 | D61: 럽모어 | E61: 기업 | F61: 윤은지 | G61: ㅇ | H61: X
A62: 020 | B62: 1005004216321 | C62: 12100 | D62: 라라라 | E62: 우리 | F62: 차대승 | G62: ㅇ | H62: ㅇ
A63: 090 | B63: 3333318297630 | C63: 8000 | D63: 띵크어바웃유 | E63: 카카오 | F63: 띵크어바웃유 | G63: ㅇ | H63: x
A64: 020 | B64: 1005304084206 | C64: 35000 | D64: 따봉 | E64: 우리 | F64: 주식회사 따봉 | G64: ㅇ | H64: X
A65: 081 | B65: 43391006645604 | C65: 69300 | D65: 디피프로젝트 | E65: 하나 | F65: 주식회사 디피프로젝트 | G65: ㅇ | H65: O
A66: 088 | B66: 140014314677 | C66: 26000 | D66: 디티엠 | E66: 신한 | F66: ㈜위원트 | G66: ㅇ | H66: X
A67: 081 | B67: 28091001968104 | C67: 43000 | D67: 디벨롭 | E67: 하나 | F67: 주식회사 앰엔디 | G67: ㅇ | H67: X
A68: 020 | B68: 1005704817308 | C68: 9000 | D68: 두유 | E68: 우리 | F68: 주식회사 두유 | G68: ㅇ | H68: X
A69: 004 | B69: 80753704008339 | C69: 13000 | D69: 도레미씨 | E69: 국민 | F69: ㈜도레미씨 | G69: ㅇ | H69: X
A70: 081 | B70: 16691001776604 | C70: 20000 | D70: 데일르 | E70: 하나 | F70: 주식회사 데일르 | G70: ㅇ | H70: X
A71: 081 | B71: 38891019090507 | C71: 10000 | D71: 달팡 | E71: 하나 | F71: 양혜정 | G71: ㅇ | H71: x
A72: 020 | B72: 1005003656847 | C72: 26000 | D72: 니트홀릭 | E72: 우리 | F72: 송병직(니트홀릭) | G72: ㅇ | H72: X
A73: 081 | B73: 18391005493404 | C73: 28000 | D73: 뉴레인보우 | E73: 하나 | F73: ㈜뉴레인보우 | G73: ㅇ | H73: X
A74: 088 | B74: 100031530371 | C74: 249000 | D74: 그랑블루 | E74: 신한 | F74: ㈜그랑블루진 | G74: ㅇ | H74: X
A75: 088 | B75: 100033113780 | C75: 70000 | D75: 그랑데 | E75: 신한 | F75: 그랑데 | G75: ㅇ | H75: X
A76: 088 | B76: 34802627001 | C76: 40000 | D76: 구이공 | E76: 신한 | F76: 박영규(구이공) | G76: ㅇ | H76: x
A77: 004 | B77: 01830104233866 | C77: 162800 | D77: 계란속노른자 | E77: 국민 | F77: 김재영 | G77: ㅇ | H77: O
A78: 088 | B78: 110463219951 | C78: 14000 | D78: JJ제이제이 | E78: 신한 | F78: 정연우 | G78: ㅇ | H78: X
A79: 088 | B79: 140012998811 | C79: 8800 | D79: 87서울 | E79: 신한 | F79: ㈜아더플랜 | G79: ㅇ | H79: O
A80: 081 | B80: 19991017546307 | C80: 9000 | D80: 이사벨라 | E80: 하나 | F80: 조휘호 | G80: ㅇ | H80: X | I80: 2월6일 미송 누락건
A81: 020 | B81: 1005204451258 | C81: 2700 | D81: 글램 | E81: 우리 | F81: ㈜글램스토어 | G81: ㅇ | H81: X | I81: 세액 입금
A82: 048 | B82: 132131308376 | C82: 210400 | D82: 도드 | E82: 신협 | F82: 전여원 | G82: ㅇ | H82: X | I82: 세액 입금

Sheet 2월 11일
A1: ㅇ | B1: ㅇ | C1: ㅇ | D1: ㅇ | E1: ㅇ | F1: ㅇ | G1: ㅇ | H1: ㅇ
A2: 090 | B2: 3333289511795 | C2: 243000 | D2: 하이프 | E2: 카카오 | F2: 하이프(HYPE) | G2: ㅇ | H2: X
A3: 088 | B3: 110554774968 | C3: 28000 | D3: 하이앤땡큐 | E3: 신한 | F3: 김승현 | G3: ㅇ | H3: X
A4: 081 | B4: 17191028203607 | C4: 45000 | D4: 하이바 | E4: 하나 | F4: 김태형 | G4: ㅇ | H4: X
A5: 088 | B5: 140013540787 | C5: 28000 | D5: 풀하우스 | E5: 신한 | F5: 주식회사 풀하우스컴퍼니 김기완 | G5: ㅇ | H5: X
A6: 003 | B6: 01819320404015 | C6: 29700 | D6: 퍼플그레이 | E6: 기업 | F6: ㈜퍼플그레이어패럴 | G6: ㅇ | H6: O
A7: 020 | B7: 1005602130034 | C7: 15000 | D7: 퍼블릭 | E7: 우리 | F7: ㈜진성 | G7: ㅇ | H7: X
A8: 088 | B8: 110555436511 | C8: 10000 | D8: 파인파인 | E8: 신한 | F8: 파인파인 | G8: ㅇ | H8: X
A9: 088 | B9: 140014915730 | C9: 300000 | D9: 티오 | E9: 신한 | F9: ㈜패션컴퍼니오성 | G9: ㅇ | H9: X
A10: 004 | B10: 34780104162710 | C10: 303000 | D10: 크레파스 | E10: 국민 | F10: ㈜투앤드컴퍼니 | G10: ㅇ | H10: X
A11: 081 | B11: 28491002673804 | C11: 909700 | D11: 코디63 | E11: 하나 | F11: ㈜코디63 | G11: ㅇ | H11: O
A12: 003 | B12: 01500000197711 | C12: 293150 | D12: 케이디지 | E12: 기업 | F12: 케이디지 | G12: ㅇ | H12: O
A13: 020 | B13: 1005003797667 | C13: 17000 | D13: 컴온 | E13: 우리 | F13: ㈜에이치케이더블류컴퍼니 | G13: ㅇ | H13: X
... A22: 088 | B22: 110224033860 | C22: 18000 | D22: 유리 | E22: 신한 | F22: 박성은 | G22: ㅇ | H22: X
A23: 090 | B23: 3333267395045 | C23: 13000 | D23: 유니모어 | E23: 카카오 | F23: 이석일(유니모어) | G23: ㅇ | H23: x
A24: 081 | B24: 22191002103004 | C24: 704000 | D24: 위클리 | E24: 하나 | F24: 주식회사제이와이글로벌패션그룹 | G24: ㅇ | H24: O
A25: 003 | B25: 03014341201010 | C25: 120000 | D25: 원 | E25: 기업 | F25: 윤채원 | G25: ㅇ | H25: X
A26: 088 | B26: 140012598030 | C26: 9350 | D26: 오즈브릿지 | E26: 신한 | F26: ㈜오즈브릿지 | G26: ㅇ | H26: ㅇ
A27: 088 | B27: 140015691630 | C27: 18500 | D27: 오드 | E27: 신한 | F27: 주식회사 오드점 | G27: ㅇ | H27: X
A28: 088 | B28: 110555467484 | C28: 14000 | D28: 오도시 | E28: 신한 | F28: 임창현/오도시 | G28: ㅇ | H28: X
A29: 088 | B29: 110517059780 | C29: 14300 | D29: 엔초 | E29: 신한 | F29: 최훈정(엔초) | G29: ㅇ | H29: O
A30: 003 | B30: 02908577101019 | C30: 44000 | D30: 에이에이더블유 | E30: 기업 | F30: 에이에이더블유(권지영) | G30: ㅇ | H30: O
A31: 020 | B31: 1005804294993 | C31: 18000 | D31: 얼리모닝 | E31: 우리 | F31: 백승갑 | G31: ㅇ | H31: X
A32: 088 | B32: 110547690282 | C32: 12000 | D32: 앨리 | E32: 신한 | F32: 신나겸이(앨리) | G32: ㅇ | H32: X
A33: 020 | B33: 1005203796625 | C33: 1143000 | D33: 아이티 | E33: 우리 | F33: HKW컴퍼니 | G33: ㅇ | H33: X
A34: 088 | B34: 110617662074 | C34: 11000 | D34: 아이레 | E34: 신한 | F34: 이호성(아이레) | G34: ㅇ | H34: X
A35: 003 | B35: 03205807001012 | C35: 10000 | D35: 아우트 | E35: 기업 | F35: 이윤아 | G35: ㅇ | H35: X
A36: 088 | B36: 140014666714 | C36: 11000 | D36: 쏘냐 | E36: 신한 | F36: 주식회사 지인컴퍼니 | G36: ㅇ | H36: X
A37: 088 | B37: 110564935137 | C37: 28000 | D37: 스크램블 | E37: 신한 | F37: 스크램블 | G37: ㅇ | H37: X
A38: 081 | B38: 38891000310908 | C38: 198000 | D38: 슈퍼스타 | E38: 하나 | F38: 김학영 | G38: ㅇ | H38: X
A39: 088 | B39: 110196330916 | C39: 15000 | D39: 솜솜 | E39: 신한 | F39: 장애리 | G39: ㅇ | H39: X
A40: 020 | B40: 1005303657353 | C40: 24000 | D40: 빨주노초 | E40: 우리 | F40: 정종인 | G40: ㅇ | H40: X
A41: 088 | B41: 140015691122 | C41: 13000 | D41: 브리니 | E41: 신한 | F41: ㈜브리니랩 | G41: ㅇ | H41: X
A42: 004 | B42: 34780104163197 | C42: 33000 | D42: 별대봉 | E42: 국민 | F42: ㈜투앤드컴퍼니 | G42: ㅇ | H42: X
A43: 004 | B43: 40910101299531 | C43: 65000 | D43: 버프 | E43: 국민 | F43: 박성계 | G43: ㅇ | H43: X
A44: 020 | B44: 1005104276736 | C44: 18000 | D44: 배추 | E44: 우리 | F44: 주식회사 배추 | G44: ㅇ | H44: X
A45: 088 | B45: 110563422772 | C45: 9000 | D45: 배배 | E45: 신한 | F45: 배문주 | G45: ㅇ | H45: X
A46: 007 | B46: 101023843370 | C46: 1403600 | D46: 밤비 | E46: 수협 | F46: ㈜밤비컴퍼니 | G46: ㅇ | H46: O
A47: 088 | B47: 140013785683 | C47: 12000 | D47: 물 | E47: 신한 | F47: ㈜모아크 | G47: ㅇ | H47: X
A48: 004 | B48: 67650104033532 | C48: 23000 | D48: 무지 | E48: 국민 | F48: 고승재 | G48: ㅇ | H48: X
A49: 007 | B49: 101023336372 | C49: 120000 | D49: 몰핀 | E49: 수협 | F49: 이유진 | G49: ㅇ | H49: X
A50: 003 | B50: 08606419801019 | C50: 12900 | D50: 모리 | E50: 기업 | F50: 모리(송승현) | G50: ㅇ | H50: X
A51: 011 | B51: 20510651007647 | C51: 24000 | D51: 모기 | E51: 농협 | F51: 양동인 | G51: ㅇ | H51: X
... A54: 003 | B54: 02314297601014 | C54: 39600 | D54: 마젠타 | E54: 기업 | F54: ㈜마젠타어패럴그룹 | G54: ㅇ | H54: O
A55: 088 | B55: 140012077981 | C55: 5000 | D55: 마이티 | E55: 신한 | F55: ㈜마이마이티 | G55: ㅇ | H55: X
A56: 088 | B56: 100036782981 | C56: 22000 | D56: 마루컴퍼니 | E56: 신한 | F56: ㈜마루컴퍼니 | G56: ㅇ | H56: O
A57: 004 | B57: 40910201249139 | C57: 23000 | D57: 림샵 | E57: 국민 | F57: 임순철 | G57: ㅇ | H57: X
A58: 020 | B58: 1005704823333 | C58: 27500 | D58: 리플웨이브 | E58: 우리 | F58: 안영삼(리플) | G58: ㅇ | H58: O
A59: 003 | B59: 91702676804019 | C59: 207350 | D59: 리자드스탠다드 | E59: 기업 | F59: 리자드스탠다드 | G59: ㅇ | H59: O
A60: 088 | B60: 140015690682 | C60: 69850 | D60: 리디아 | E60: 신한 | F60: ㈜리디아컴퍼니 | G60: ㅇ | H60: O
A61: 088 | B61: 100036383077 | C61: 14000 | D61: 롱롱 | E61: 신한 | F61: 안병철 | G61: ㅇ | H61: X
A62: 090 | B62: 3333075429507 | C62: 8000 | D62: 로쏘 | E62: 카카오 | F62: 윤주영 | G62: ㅇ | H62: X
A63: 004 | B63: 41430101172768 | C63: 55000 | D63: 레인우드 | E63: 국민 | F63: 라브레아(김혜림) | G63: ㅇ | H63: X
A64: 088 | B64: 140014250242 | C64: 7000 | D64: 레고레고 | E64: 신한 | F64: (주)레고레고 | G64: ㅇ | H64: X
A65: 003 | B65: 41505575601011 | C65: 66000 | D65: 럽모어 | E65: 기업 | F65: 윤은지 | G65: ㅇ | H65: X
A66: 020 | B66: 1005004216321 | C66: 36300 | D66: 라라라 | E66: 우리 | F66: 차대승 | G66: ㅇ | H66: ㅇ
A67: 020 | B67: 1005304084206 | C67: 6000 | D67: 따봉 | E67: 우리 | F67: 주식회사 따봉 | G67: ㅇ | H67: X
A68: 081 | B68: 28091001968104 | C68: 21000 | D68: 디벨롭 | E68: 하나 | F68: 주식회사 앰엔디 | G68: ㅇ | H68: X
A69: 081 | B69: 16691001776604 | C69: 20000 | D69: 데일르 | E69: 하나 | F69: 주식회사 데일르 | G69: ㅇ | H69: X
A70: 081 | B70: 38891019090507 | C70: 12000 | D70: 달팡 | E70: 하나 | F70: 양혜정 | G70: ㅇ | H70: x
A71: 081 | B71: 18391005493404 | C71: 152000 | D71: 뉴레인보우 | E71: 하나 | F71: ㈜뉴레인보우 | G71: ㅇ | H71: X
A72: 020 | B72: 1002959095655 | C72: 36000 | D72: 노브 | E72: 우리 | F72: 윤명찬 | G72: ㅇ | H72: X
A73: 020 | B73: 1005204451258 | C73: 9000 | D73: 글램 | E73: 우리 | F73: ㈜글램스토어 | G73: ㅇ | H73: X
A74: 088 | B74: 100031530371 | C74: 210000 | D74: 그랑블루 | E74: 신한 | F74: ㈜그랑블루진 | G74: ㅇ | H74: X
A75: 081 | B75: 19991025356107 | C75: 90000 | D75: 발렌티 | E75: 하나 | F75: 배재웅 | G75: ㅇ | H75: X

Sheet Sheet16
A1: d | C1: d | D1: ㅇ | E1: ㅇ | F1: ㅇ | G1: ㅇ | H1: ㅇ | I1: ㅇ | J1: ㅇ
A2: 히피스 | C2: 1236000 | D2: ㅇ | E2: 이도영(히피스) | G2: =C2/10 -> 123600 | H2: 입완 | I2: 세완
A3: 홈런 | C3: 31500 | D3: ㅇ | E3: ㈜플레이 홈런 | G3: =C3/10 -> 3150 | H3: 입완 | I3: 세완
A4: 하이앤땡큐 | C4: 3182000 | D4: ㅇ | E4: 김승현 | G4: =C4/10 -> 318200 | H4: 입완 | I4: 세완
A5: 하이바 | C5: 502000 | D5: ㅇ | E5: 김태형 | G5: =C5/10 -> 50200 | H5: 입완 | I5: 세완
A6: 하멜 | C6: 580000 | D6: ㅇ | E6: 우환균(하멜) | G6: =C6/10 -> 58000 | H6: 입완 | I6: 세완
A7: 필앤마조 | C7: 24337500 | D7: ㅇ | E7: (주)필앤마조 | G7: =C7/10 -> 2433750 | H7: 입완 | I7: 세완
A8: 피크닉 | C8: 819000 | D8: ㅇ | E8: 피크닉 | G8: =C8/10 -> 81900 | H8: 입완 | I8: 세완
A9: 프레쩰 | C9: 13208000 | D9: ㅇ | E9: 주현 | G9: =C9/10 -> 1320800 | H9: 입완 | I9: 세완
A10: 풀하우스 | C10: 3485000 | D10: ㅇ | E10: 주식회사 풀하우스컴퍼니 김기완 | G10: =C10/10 -> 348500 | H10: 입완 | I10: 세완
A11: 페어립트 | C11: 936000 | D11: ㅇ | E11: 황두환(페어립트) | G11: =C11/10 -> 93600 | H11: 입완 | I11: 세완
A12: 펀치 | C12: 383000 | D12: ㅇ | E12: 양창민(펀치) | G12: =C12/10 -> 38300 | H12: 입완 | I12: 세완
A13: 팔로우비 | C13: 167000 | D13: ㅇ | E13: 변입섭 팔로우비 | G13: =C13/10 -> 16700 | H13: 입완 | I13: 세완
... A26: 일프로 | C26: 1109500 | D26: ㅇ | E26: ㈜더일프로 | G26: =C26/10 -> 110950 | H26: 입완 | I26: 세완
A27: 이사벨라 | C27: 1391000 | D27: ㅇ | E27: 조휘호 | G27: =C27/10 -> 139100 | J27: 입금 미완료 이월
A28: 유에이드 | C28: 1049000 | D28: ㅇ | E28: 유에이드(정연화) | G28: =C28/10 -> 104900 | H28: 입완 | I28: 세완
A29: 유스 | C29: 314500 | D29: ㅇ | E29: 최민준(유스) | G29: =C29/10 -> 31450 | H29: 입완 | I29: 세완
A30: 유리 | C30: 504000 | D30: ㅇ | E30: 박성은 | G30: =C30/10 -> 50400 | H30: 입완 | I30: 세완 | J30: 18000원 이월발행
A31: 웨이비 | C31: 141000 | D31: ㅇ | E31: 웨이비 임솔 | G31: =C31/10 -> 14100 | H31: 입완 | I31: 세완
A32: 워너비 | C32: 34000 | D32: ㅇ | E32: 김광준(워너비) | G32: =C32/10 -> 3400 | H32: 입완 | I32: 세완
A33: 요미요미 | C33: 11866000 | D33: ㅇ | E33: 이정규(요미요미) | G33: =C33/10 -> 1186600 | H33: 입완 | I33: 세완
A34: 오름 | C34: 10000 | D34: ㅇ | E34: 강동구(오름(ORMM)) | G34: =C34/10 -> 1000 | H34: 입완 | I34: 세완
A35: 오드 | C35: 894500 | D35: ㅇ | E35: 주식회사 오드점 | G35: =C35/10 -> 89450 | H35: 입완 | I35: 세완
A36: 오도시 | C36: 736000 | D36: ㅇ | E36: 임창현/오도시 | G36: =C36/10 -> 73600 | H36: 입완 | I36: 세완 | J36: 전달 이월발행 완료
A37: 옐로우 | C37: 179000 | D37: ㅇ | E37: 옐로우이엔엠 주식회사 | G37: =C37/10 -> 17900 | H37: 입완 | I37: 세완
A38: 여기 | C38: 2711000 | D38: ㅇ | E38: 에브리웨어 | G38: =C38/10 -> 271100 | H38: 입완 | I38: 세완
A39: 엣지 | C39: 2883000 | D39: ㅇ | E39: ㈜이디지이(EDGE) | G39: =C39/10 -> 288300 | H39: 입완 | I39: 세완
A40: 에이러브 | C40: 270000 | D40: ㅇ | E40: 임애경 | G40: =C40/10 -> 27000 | H40: 입완 | I40: 세완
A41: 안나 | C41: 11604000 | D41: ㅇ | E41: 김수진 | G41: =C41/10 -> 1160400 | H41: 입완 | I41: 세완
A42: 아이티 | C42: 12748000 | D42: ㅇ | E42: ㈜에이치케이더블류컴퍼니 | G42: =C42/10 -> 1274800 | H42: 입완 | I42: 세완
A43: 심플 | C43: 1606000 | D43: ㅇ | E43: 김현아(심플) | G43: =C43/10 -> 160600 | H43: 입완 | I43: 세완
A44: 스크램블 | C44: 1833000 | D44: ㅇ | E44: 스크램블 | G44: =C44/10 -> 183300 | H44: 입완 | I44: 세완
A45: 슈퍼스타 | C45: 2008000 | D45: ㅇ | E45: 김학영 | G45: =C45/10 -> 200800 | H45: 입완 | I45: 세완
A46: 슈퍼땅콩 | C46: 2234000 | D46: ㅇ | E46: 슈퍼땅콩 | G46: =C46/10 -> 223400 | H46: 입완 | I46: 세완
A47: 서울러 | C47: 741000 | D47: ㅇ | E47: 현재광 | G47: =C47/10 -> 74100 | H47: 입완 | I47: 세완
A48: 브이브이브이 | C48: 5706000 | D48: ㅇ | E48: 권순범(브이브이브이) | G48: =C48/10 -> 570600 | H48: 입완 | I48: 세완
... A71: 디스웨이 | C71: 195000 | D71: ㅇ | E71: ㈜디스웨이컴퍼니(김대근) | G71: =C71/10 -> 19500 | H71: 입완 | I71: 세완
A72: 디벨롭 | C72: 974000 | E72: 주식회사 앰엔디 | G72: =C72/10 -> 97400 | H72: 입완 | I72: 세완
A73: 디반 | C73: 198000 | D73: ㅇ | E73: 이반석(디반(DBAN)) | G73: =C73/10 -> 19800 | H73: 입완 | I73: 세완
A74: 두유 | C74: 634000 | D74: ㅇ | E74: 주식회사 두유 | G74: =C74/10 -> 63400 | H74: 입완 | I74: 세완
A75: 도레미씨 | C75: 1544000 | D75: ㅇ | E75: ㈜도레미씨 | G75: =C75/10 -> 154400 | H75: 입완 | I75: 세완
A76: 도드 | C76: 2741000 | D76: ㅇ | E76: 전여원 | G76: =C76/10 -> 274100 | H76: 입완 | I76: 세완
A77: 더포르투나 | C77: 356500 | D77: ㅇ | E77: ㈜더포르투나 | G77: =C77/10 -> 35650 | H77: 입완 | I77: 세완
A78: 니트홀릭 | C78: 1497000 | D78: ㅇ | E78: 송병직(니트홀릭) | G78: =C78/10 -> 149700 | H78: 입완 | I78: 세완
A79: 뉴레인보우 | C79: 828000 | D79: ㅇ | E79: ㈜뉴레인보우 | G79: =C79/10 -> 82800 | H79: 입완 | I79: 세완
A80: 그랑블루 | C80: 7699000 | D80: ㅇ | E80: ㈜그랑블루진 | G80: =C80/10 -> 769900 | H80: 입완 | I80: 세완
A81: 후크 | C81: 918000 | D81: ㅇ | E81: 최문수 | G81: =C81/10 -> 91800 | H81: 입완 | I81: 세완
A82: 하이프 | C82: 2326000 | D82: ㅇ | E82: 하이프(HYPE) | G82: =C82/10 -> 232600 | H82: 입완 | I82: 세완
A83: 플레이 | C83: 9000 | D83: ㅇ | E83: 김미라(플레이) | G83: =C83/10 -> 900 | H83: 입완 | I83: 세완
A84: 폭스힐 | C84: 6000 | D84: ㅇ | E84: 나상범 | G84: =C84/10 -> 600 | H84: 입완 | I84: 세완
... A87: 이안 | C87: 264000 | D87: ㅇ | E87: 주식회사 데이앤 | G87: =C87/10 -> 26400 | H87: 입완 | I87: 세완
A88: 이고 | C88: 1073000 | D88: ㅇ | E88: 더원컴퍼니 | G88: =C88/10 -> 107300 | H88: 입완 | J88: 입금완료 이월 발행
A89: 유스픽 | C89: 8674000 | D89: ㅇ | E89: 유성진 | G89: =C89/10 -> 867400 | H89: 입완 | I89: 세완
A90: 엠제이 | C90: 184000 | D90: ㅇ | E90: 주식회사엠제이룩 | G90: =C90/10 -> 18400 | H90: 입완 | I90: 세완
A91: 엘로즈 | C91: 348000 | D91: ㅇ | E91: 이현승엘로즈 | G91: =C91/10 -> 34800 | H91: 입완 | I91: 세완
A92: 야나 | C92: 206000 | D92: ㅇ | E92: 김정훈(야나) | G92: =C92/10 -> 20600 | H92: 입완 | I92: 세완
A93: 썸모어 | C93: 270000 | D93: ㅇ | E93: 오재훈 | G93: =C93/10 -> 27000 | H93: 입완 | I93: 세완
A94: 뿌 | C94: 288000 | D94: ㅇ | E94: 이준미 | G94: =C94/10 -> 28800 | H94: 입완 | I94: 세완
A95: 뽀숑 | C95: 30000 | D95: ㅇ | E95: 이송희 | G95: =C95/10 -> 3000 | H95: 입완 | I95: 세완
A96: 빨주노초 | C96: 1137000 | D96: ㅇ | E96: 정종인 | G96: =C96/10 -> 113700 | H96: 입완 | I96: 세완
A97: 비손강 | C97: 144000 | D97: ㅇ | E97: LINA | G97: =C97/10 -> 14400 | H97: 입완 | I97: 세완
A98: 베가스 | C98: 182000 | D98: ㅇ | E98: 최지윤 | G98: =C98/10 -> 18200 | H98: 입완 | I98: 세완
A99: 몽땅 | C99: 2790000 | D99: ㅇ | E99: 몽땅 김희진 | G99: =C99/10 -> 279000 | H99: 입완 | I99: 세완
A100: 몽구스 | C100: 238000 | D100: ㅇ | E100: 박은주 | G100: =C100/10 -> 23800 | H100: 입완 | I100: 세완
... A137: 케이스타 | C137: 24000 | D137: ㅇ | E137: 임미선 | G137: =C137/10 -> 2400 | H137: 입완 | I137: 세완
A138: 쏘냐 | C138: 22000 | D138: ㅇ | E138: 주식회사 지인컴퍼니 | G138: =C138/10 -> 2200 | J138: 미입금 이월발행
A139: 스팍 | C139: 20000 | D139: ㅇ | E139: 이혜진 | G139: =C139/10 -> 2000 | H139: 입완 | I139: 세완
A140: 블랑 | C140: 91000 | D140: ㅇ | E140: 블랑컴퍼니 | G140: =C140/10 -> 9100 | H140: 입완 | I140: 세완
A141: 만식슈 | C141: 140000 | D141: ㅇ | E141: 서종경(만식슈) | G141: =C141/10 -> 14000 | H141: 입완 | I141: 세완
A142: 따봉 | C142: 929000 | D142: ㅇ | E142: 주식회사 따봉 | G142: =C142/10 -> 92900 | H142: 입완 | I142: 세완
A143: 데일르 | C143: 16000 | D143: ㅇ | E143: 주식회사 데일르 | G143: =C143/10 -> 1600 | H143: 입완 | I143: 세완
A144: 제니퍼 | C144: 42000 | D144: ㅇ | E144: 김미애(제니퍼) | G144: =C144/10 -> 4200 | H144: 입완 | I144: 세완
A145: 와이파이 | C145: 37000 | D145: ㅇ | E145: 김예근(WIFI) | G145: =C145/10 -> 3700 | H145: 입완 | I145: 세완
A146: 만세 | C146: 901000 | D146: ㅇ | E146: 김세림 | G146: =C146/10 -> 90100 | H146: 입완 | I146: 세완
A147: 롤린 | C147: 7000 | D147: ㅇ | E147: ㈜롤린인터내셔널 | G147: =C147/10 -> 700 | H147: 입완 | I147: 세완
A148: 카푸 | C148: 36000 | D148: ㅇ | E148: 이현희(카푸) | G148: =C148/10 -> 3600 | H148: 입완 | I148: 세완
A149: 시선집중 | C149: 52000 | D149: ㅇ | E149: 김옥례 | G149: =C149/10 -> 5200 | H149: 입완 | I149: 세완
A150: 사론 | C150: 77000 | D150: ㅇ | E150: 이명숙 | G150: =C150/10 -> 7700 | H150: 입완 | I150: 세완
A151: 무지 | C151: 1860000 | D151: ㅇ | E151: 고승재 | G151: =C151/10 -> 186000 | H151: 입완 | I151: 세완
A152: 모노 | C152: 20000 | D152: ㅇ | E152: 조겸부 | G152: =C152/10 -> 2000 | H152: 입완 | I152: 세완 | J152: 3월 6월 9월 발행
A153: 홀리몰리 | C153: 24000 | D153: ㅇ | E153: 홀리몰리 | G153: =C153/10 -> 2400 | H153: 입완 | I153: 세완
A154: 엘라 | C154: 14000 | D154: ㅇ | E154: 김수연 | G154: =C154/10 -> 1400 | H154: 입완 | I154: 세완
A155: 림샵 | C155: 1104000 | D155: ㅇ | E155: 임순철 | G155: =C155/10 -> 110400 | H155: 입완 | I155: 세완
A156: 듀오트레이딩 | C156: 8000 | D156: ㅇ | E156: 정태영 | G156: =C156/10 -> 800 | H156: 입완 | I156: 세완
A157: JJ제이제이 | C157: 7000 | D157: ㅇ | E157: 정연우 | G157: =C157/10 -> 700 | H157: 입완 | I157: 세완
A158: 아우트 | C158: 22000 | D158: ㅇ | E158: 이윤아 | G158: =C158/10 -> 2200 | H158: 입완 | I158: 세완
A159: koi코이 | C159: 220000 | D159: ㅇ | E159: 홍순석 | G159: =C159/10 -> 22000 | H159: 입완 | I159: 세완
A160: 원더러스트 | C160: 64000 | D160: ㅇ | E160: 이남규 | G160: =C160/10 -> 6400 | H160: 입완 | I160: 세완
A161: 또또 | C161: 16000 | D161: ㅇ | E161: 김나영 | G161: =C161/10 -> 1600 | H161: 입완 | I161: 세완
A162: 니뜨야 | C162: 7000 | D162: ㅇ | E162: 주식회사 니뜨야 | G162: =C162/10 -> 700 | H162: 입완 | I162: 세완
A163: 놈 | C163: 14000 | D163: ㅇ | E163: 허기 | G163: =C163/10 -> 1400 | H163: 입완 | I163: 세완
A164: 논제 | C164: 51000 | D164: ㅇ | E164: 논제 | G164: =C164/10 -> 5100 | H164: 입완 | I164: 세완
... A169: 유니모어 | C169: 49000 | D169: ㅇ | E169: 이석일(유니모어) | G169: =C169/10 -> 4900 | H169: 입완 | I169: 세완
A170: 화이트옐로우 | C170: 9000 | E170: 옐로우이엔엠 주식회사 | G170: =C170/10 -> 900 | H170: 입완 | J170: 입금완료 이월발행
A171: 수키 | C171: 7000 | D171: ㅇ | E171: 임숙희 | G171: =C171/10 -> 700 | H171: 입완 | I171: 세완
A172: 두두 | C172: 7000 | D172: ㅇ | E172: 김현주(두두) | G172: =C172/10 -> 700 | H172: 입완 | I172: 세완
A173: 찜 | C173: 19000 | D173: ㅇ | E173: 나정원 | G173: =C173/10 -> 1900 | H173: 입완 | I173: 세완
A174: 앤드에이프릴 | C174: 10000 | D174: ㅇ | E174: 전승연(앤드에이프릴) | G174: =C174/10 -> 1000 | H174: 입완 | I174: 세완
A175: 버튼 | C175: 36000 | D175: ㅇ | E175: ㈜슈앤걸 | G175: =C175/10 -> 3600 | H175: 입완 | I175: 세완
A176: 호스피텔로비 | C176: 12000 | D176: ㅇ | E176: 김근량 | G176: =C176/10 -> 1200 | H176: 입완 | I176: 세완
...

Sheet 은행코드
A1: 국민 | B1: 004
A2: 산업 | B2: 002
A3: 하나 | B3: 081
A4: 케이뱅크 | B4: 089
A5: 경남 | B5: 039
A6: 저축 | B6: 050
A7: 우리 | B7: 020
A8: 카카오 | B8: 090
A9: 광주 | B9: 034
A10: 새마을금고 | B10: 045
A11: 우체국 | B11: 071
A12: 토스뱅크 | B12: 092
... A24: HSBC | B24: 054

Sheet Sheet5
A1: {=INDEX(은행코드!$B$1:$B$24,MATCH(E1,은행코드!$A$1:$A$24,0),0)} -> 020 | B1: {=INDEX(Sheet1!$B$2:$B$9999,MATCH(D1,Sheet1!$D$2:$D$9999,0),0)} -> 1005804834765 | C1: 3150 | D1: 홈런 | E1: {=INDEX(Sheet1!$E$2:$E$9999,MATCH(D1,Sheet1!$D$2:$D$9999,0),0)} -> 우리 | F1: {=INDEX(Sheet1!$F$2:$F$9999,MATCH(D1,Sheet1!$D$2:$D$9999,0),0)} -> ㈜플레이 홈런 | H1: =COUNTIF(B:B, B1)>1 -> FALSE
A2: {=INDEX(은행코드!$B$1:$B$24,MATCH(E2,은행코드!$A$1:$A$24,0),0)} -> 088 | B2: {=INDEX(Sheet1!$B$2:$B$9999,MATCH(D2,Sheet1!$D$2:$D$9999,0),0)} -> 110554774968 | C2: 318200 | D2: 하이앤땡큐 | E2: {=INDEX(Sheet1!$E$2:$E$9999,MATCH(D2,Sheet1!$D$2:$D$9999,0),0)} -> 신한 | F2: {=INDEX(Sheet1!$F$2:$F$9999,MATCH(D2,Sheet1!$D$2:$D$9999,0),0)} -> 김승현 | H2: =COUNTIF(B:B, B2)>1 -> FALSE
A3: {=INDEX(은행코드!$B$1:$B$24,MATCH(E3,은행코드!$A$1:$A$24,0),0)} -> 081 | B3: {=INDEX(Sheet1!$B$2:$B$9999,MATCH(D3,Sheet1!$D$2:$D$9999,0),0)} -> 17191028203607 | C3: 50200 | D3: 하이바 | E3: {=INDEX(Sheet1!$E$2:$E$9999,MATCH(D3,Sheet1!$D$2:$D$9999,0),0)} -> 하나 | F3: {=INDEX(Sheet1!$F$2:$F$9999,MATCH(D3,Sheet1!$D$2:$D$9999,0),0)} -> 김태형 | H3: =COUNTIF(B:B, B3)>1 -> FALSE
A4: {=INDEX(은행코드!$B$1:$B$24,MATCH(E4,은행코드!$A$1:$A$24,0),0)} -> 004 | B4: {=INDEX(Sheet1!$B$2:$B$9999,MATCH(D4,Sheet1!$D$2:$D$9999,0),0)} -> 09180104175091 | C4: 58000 | D4: 하멜 | E4: {=INDEX(Sheet1!$E$2:$E$9999,MATCH(D4,Sheet1!$D$2:$D$9999,0),0)} -> 국민 | F4: {=INDEX(Sheet1!$F$2:$F$9999,MATCH(D4,Sheet1!$D$2:$D$9999,0),0)} -> 우환균(하멜) | H4: =COUNTIF(B:B, B4)>1 -> FALSE
A5: {=INDEX(은행코드!$B$1:$B$24,MATCH(E5,은행코드!$A$1:$A$24,0),0)} -> 004 | B5: {=INDEX(Sheet1!$B$2:$B$9999,MATCH(D5,Sheet1!$D$2:$D$9999,0),0)} -> 80750104288480 | C5: 2433750 | D5: 필앤마조 | E5: {=INDEX(Sheet1!$E$2:$E$9999,MATCH(D5,Sheet1!$D$2:$D$9999,0),0)} -> 국민 | F5: {=INDEX(Sheet1!$F$2:$F$9999,MATCH(D5,Sheet1!$D$2:$D$9999,0),0)} -> (주)필앤마조 | H5: =COUNTIF(B:B, B5)>1 -> FALSE
A6: {=INDEX(은행코드!$B$1:$B$24,MATCH(E6,은행코드!$A$1:$A$24,0),0)} -> 088 | B6: {=INDEX(Sheet1!$B$2:$B$9999,MATCH(D6,Sheet1!$D$2:$D$9999,0),0)} -> 110604500814 | C6: 81900 | D6: 피크닉 | E6: {=INDEX(Sheet1!$E$2:$E$9999,MATCH(D6,Sheet1!$D$2:$D$9999,0),0)} -> 신한 | F6: {=INDEX(Sheet1!$F$2:$F$9999,MATCH(D6,Sheet1!$D$2:$D$9999,0),0)} -> 피크닉 | H6: =COUNTIF(B:B, B6)>1 -> FALSE
A7: {=INDEX(은행코드!$B$1:$B$24,MATCH(E7,은행코드!$A$1:$A$24,0),0)} -> 088 | B7: {=INDEX(Sheet1!$B$2:$B$9999,MATCH(D7,Sheet1!$D$2:$D$9999,0),0)} -> 110316175919 | C7: 93600 | D7: 페어립트 | E7: {=INDEX(Sheet1!$E$2:$E$9999,MATCH(D7,Sheet1!$D$2:$D$9999,0),0)} -> 신한 | F7: {=INDEX(Sheet1!$F$2:$F$9999,MATCH(D7,Sheet1!$D$2:$D$9999,0),0)} -> 황두환(페어립트) | H7: =COUNTIF(B:B, B7)>1 -> FALSE
A8: {=INDEX(은행코드!$B$1:$B$24,MATCH(E8,은행코드!$A$1:$A$24,0),0)} -> 088 | B8: {=INDEX(Sheet1!$B$2:$B$9999,MATCH(D8,Sheet1!$D$2:$D$9999,0),0)} -> 110564250069 | C8: 38300 | D8: 펀치 | E8: {=INDEX(Sheet1!$E$2:$E$9999,MATCH(D8,Sheet1!$D$2:$D$9999,0),0)} -> 신한 | F8: {=INDEX(Sheet1!$F$2:$F$9999,MATCH(D8,Sheet1!$D$2:$D$9999,0),0)} -> 양창민(펀치) | H8: =COUNTIF(B:B, B8)>1 -> FALSE
A9: {=INDEX(은행코드!$B$1:$B$24,MATCH(E9,은행코드!$A$1:$A$24,0),0)} -> 088 | B9: {=INDEX(Sheet1!$B$2:$B$9999,MATCH(D9,Sheet1!$D$2:$D$9999,0),0)} -> 110489581929 | C9: 16700 | D9: 팔로우비 | E9: {=INDEX(Sheet1!$E$2:$E$9999,MATCH(D9,Sheet1!$D$2:$D$9999,0),0)} -> 신한 | F9: {=INDEX(Sheet1!$F$2:$F$9999,MATCH(D9,Sheet1!$D$2:$D$9999,0),0)} -> 변입섭 팔로우비 | H9: =COUNTIF(B:B, B9)>1 -> FALSE
A10: {=INDEX(은행코드!$B$1:$B$24,MATCH(E10,은행코드!$A$1:$A$24,0),0)} -> 088 | B10: {=INDEX(Sheet1!$B$2:$B$9999,MATCH(D10,Sheet1!$D$2:$D$9999,0),0)} -> 110555436511 | C10: 349650 | D10: 파인파인 | E10: {=INDEX(Sheet1!$E$2:$E$9999,MATCH(D10,Sheet1!$D$2:$D$9999,0),0)} -> 신한 | F10: {=INDEX(Sheet1!$F$2:$F$9999,MATCH(D10,Sheet1!$D$2:$D$9999,0),0)} -> 파인파인 | H10: =COUNTIF(B:B, B10)>1 -> FALSE
A11: {=INDEX(은행코드!$B$1:$B$24,MATCH(E11,은행코드!$A$1:$A$24,0),0)} -> 088 | B11: {=INDEX(Sheet1!$B$2:$B$9999,MATCH(D11,Sheet1!$D$2:$D$9999,0),0)} -> 140014915730 | C11: 722000 | D11: 티오 | E11: {=INDEX(Sheet1!$E$2:$E$9999,MATCH(D11,Sheet1!$D$2:$D$9999,0),0)} -> 신한 | F11: {=INDEX(Sheet1!$F$2:$F$9999,MATCH(D11,Sheet1!$D$2:$D$9999,0),0)} -> ㈜패션컴퍼니오성 | H11: =COUNTIF(B:B, B11)>1 -> FALSE
A12: {=INDEX(은행코드!$B$1:$B$24,MATCH(E12,은행코드!$A$1:$A$24,0),0)} -> 020 | B12: {=INDEX(Sheet1!$B$2:$B$9999,MATCH(D12,Sheet1!$D$2:$D$9999,0),0)} -> 1005603272336 | C12: 34800 | D12: 트웬티 | E12: {=INDEX(Sheet1!$E$2:$E$9999,MATCH(D12,Sheet1!$D$2:$D$9999,0),0)} -> 우리 | F12: {=INDEX(Sheet1!$F$2:$F$9999,MATCH(D12,Sheet1!$D$2:$D$9999,0),0)} -> 이한숙 | H12: =COUNTIF(B:B, B12)>1 -> FALSE
... A143: {=INDEX(은행코드!$B$1:$B$24,MATCH(E143,은행코드!$A$1:$A$24,0),0)} -> 004 | B143: {=INDEX(Sheet1!$B$2:$B$9999,MATCH(D143,Sheet1!$D$2:$D$9999,0),0)} -> 40913701004859 | C143: 15000 | D143: 아페리얼 | E143: {=INDEX(Sheet1!$E$2:$E$9999,MATCH(D143,Sheet1!$D$2:$D$9999,0),0)} -> 국민 | F143: {=INDEX(Sheet1!$F$2:$F$9999,MATCH(D143,Sheet1!$D$2:$D$9999,0),0)} -> ㈜아페리얼 | H143: =COUNTIF(B:B, B143)>1 -> FALSE
